index,unix-timestamp,availability-percent
0,1589676504023.0,93.0
1,1589676565066.0,93.0
2,1589676626361.0,93.0
3,1589676687435.0,93.0
4,1589676748462.0,93.0
5,1589676809724.0,93.0
6,1589676870767.0,93.0
7,1589676931841.0,93.0
8,1589676993742.0,93.0
9,1589677054816.0,92.0
10,1589677116140.0,92.0
11,1589677177214.0,92.0
12,1589677238741.0,92.0
13,1589677300018.0,92.0
14,1589677361076.0,92.0
15,1589677422167.0,92.0
16,1589677483491.0,92.0
17,1589677544535.0,92.0
18,1589677605578.0,91.0
19,1589677666668.0,92.0
20,1589677727711.0,92.0
21,1589677788723.0,92.0
22,1589677849968.0,92.0
23,1589677911027.0,92.0
24,1589678032629.0,92.0
25,1589678093689.0,92.0
26,1589678154981.0,92.0
27,1589678216024.0,92.0
28,1589678277083.0,92.0
29,1589678338313.0,92.0
30,1589678399387.0,92.0
31,1589678460790.0,92.0
32,1589678521850.0,92.0
33,1589678582924.0,92.0
34,1589678644029.0,92.0
35,1589678705103.0,92.0
36,1589678766443.0,92.0
37,1589678827501.0,92.0
38,1589678888575.0,92.0
39,1589678949618.0,92.0
40,1589679010677.0,92.0
41,1589679072219.0,92.0
42,1589679133449.0,92.0
43,1589679194524.0,92.0
44,1589679255598.0,92.0
45,1589679316672.0,92.0
46,1589679377731.0,92.0
47,1589679438977.0,92.0
48,1589679500053.0,92.0
49,1589679561142.0,92.0
50,1589679622216.0,92.0
51,1589679683277.0,92.0
52,1589679744335.0,92.0
53,1589679805425.0,92.0
54,1589679866640.0,92.0
55,1589679927698.0,92.0
56,1589679988788.0,92.0
57,1589680050018.0,92.0
58,1589680111108.0,92.0
59,1589680172322.0,92.0
60,1589680233396.0,92.0
61,1589680294470.0,92.0
62,1589680355607.0,92.0
63,1589680416682.0,92.0
64,1589680477726.0,92.0
65,1589680538784.0,92.0
66,1589680600047.0,93.0
67,1589680661105.0,93.0
68,1589680722164.0,93.0
69,1589680783332.0,92.0
70,1589680844390.0,92.0
71,1589680905495.0,92.0
72,1589680966524.0,92.0
73,1589681027600.0,92.0
74,1589681088861.0,92.0
75,1589681149904.0,93.0
76,1589681211103.0,93.0
77,1589681272177.0,93.0
78,1589681333735.0,93.0
79,1589681394811.0,93.0
80,1589681455869.0,93.0
81,1589681517177.0,93.0
82,1589681578878.0,93.0
83,1589681639983.0,93.0
84,1589681701057.0,93.0
85,1589681762131.0,93.0
86,1589681823736.0,93.0
87,1589681884999.0,92.0
88,1589681946073.0,92.0
89,1589682007194.0,92.0
90,1589682068798.0,93.0
91,1589682129888.0,92.0
92,1589682190962.0,92.0
93,1589682252036.0,93.0
94,1589682313266.0,93.0
95,1589682374325.0,93.0
96,1589682435430.0,93.0
97,1589682496505.0,93.0
98,1589682557564.0,93.0
99,1589682618888.0,93.0
100,1589682679993.0,93.0
101,1589682741051.0,93.0
102,1589682802126.0,93.0
103,1589682863216.0,93.0
104,1589682924977.0,93.0
105,1589682986035.0,92.0
106,1589683047094.0,93.0
107,1589683108183.0,93.0
108,1589683169257.0,93.0
109,1589683230503.0,92.0
110,1589683291610.0,92.0
111,1589683352668.0,92.0
112,1589683413711.0,92.0
113,1589683474756.0,92.0
114,1589683536017.0,92.0
115,1589683597216.0,92.0
116,1589683658212.0,92.0
117,1589683719770.0,92.0
118,1589683780797.0,92.0
119,1589683841871.0,92.0
120,1589683903070.0,92.0
121,1589683964146.0,92.0
122,1589684025220.0,92.0
123,1589684086295.0,92.0
124,1589684147384.0,92.0
125,1589684208646.0,92.0
126,1589684269704.0,92.0
127,1589684330778.0,93.0
128,1589684391838.0,93.0
129,1589684452896.0,93.0
130,1589684514142.0,93.0
131,1589684575763.0,92.0
132,1589684636837.0,92.0
133,1589684697942.0,92.0
134,1589684759001.0,92.0
135,1589684820075.0,92.0
136,1589684881368.0,92.0
137,1589684942410.0,92.0
138,1589685003469.0,92.0
139,1589685064699.0,92.0
140,1589685125773.0,92.0
141,1589685186863.0,92.0
142,1589685247954.0,93.0
143,1589685308996.0,92.0
144,1589685370071.0,92.0
145,1589685431160.0,92.0
146,1589685492406.0,92.0
147,1589685553464.0,92.0
148,1589685614695.0,93.0
149,1589685675784.0,92.0
150,1589685736843.0,92.0
151,1589685797933.0,92.0
152,1589685859007.0,92.0
153,1589685920284.0,92.0
154,1589685981342.0,92.0
155,1589686042416.0,92.0
156,1589686103490.0,92.0
157,1589686164564.0,92.0
158,1589686225734.0,92.0
159,1589686286995.0,92.0
160,1589686348039.0,93.0
161,1589686409083.0,92.0
162,1589686470095.0,92.0
163,1589686531153.0,92.0
164,1589686592384.0,92.0
165,1589686653411.0,92.0
166,1589686714485.0,93.0
167,1589686775606.0,93.0
168,1589686836680.0,93.0
169,1589686897738.0,93.0
170,1589686958813.0,93.0
171,1589687020058.0,93.0
172,1589687081132.0,93.0
173,1589687142177.0,93.0
174,1589687203236.0,93.0
175,1589687264341.0,93.0
176,1589687325415.0,93.0
177,1589687386458.0,93.0
178,1589687447517.0,93.0
179,1589687508591.0,93.0
180,1589687569821.0,93.0
181,1589687630895.0,93.0
182,1589687692141.0,93.0
183,1589687753215.0,93.0
184,1589687814772.0,93.0
185,1589687875880.0,93.0
186,1589687936923.0,93.0
187,1589687997997.0,93.0
188,1589688059258.0,93.0
189,1589688120319.0,93.0
190,1589688181394.0,93.0
191,1589688242452.0,93.0
192,1589688303495.0,93.0
193,1589688364756.0,93.0
194,1589688425877.0,94.0
195,1589688486951.0,94.0
196,1589688547994.0,94.0
197,1589688609053.0,93.0
198,1589688670127.0,93.0
199,1589688731357.0,93.0
200,1589688792587.0,93.0
201,1589688853646.0,93.0
202,1589688914720.0,93.0
203,1589688975794.0,93.0
204,1589689037024.0,93.0
205,1589689098085.0,93.0
206,1589689159143.0,93.0
207,1589689220155.0,93.0
208,1589689281198.0,93.0
209,1589689343021.0,94.0
210,1589689404048.0,93.0
211,1589689465075.0,93.0
212,1589689526134.0,93.0
213,1589689587379.0,93.0
214,1589689648422.0,93.0
215,1589689709481.0,93.0
216,1589689770539.0,94.0
217,1589689831613.0,94.0
218,1589689892844.0,93.0
219,1589689953918.0,94.0
220,1589690014932.0,94.0
221,1589690076147.0,93.0
222,1589690137720.0,93.0
223,1589690198825.0,93.0
224,1589690259900.0,94.0
225,1589690320942.0,94.0
226,1589690382157.0,94.0
227,1589690443231.0,93.0
228,1589690504336.0,93.0
229,1589690565442.0,93.0
230,1589690626500.0,93.0
231,1589690687730.0,93.0
232,1589690748804.0,93.0
233,1589690810037.0,93.0
234,1589690871111.0,93.0
235,1589690932154.0,93.0
236,1589690993712.0,93.0
237,1589691054771.0,93.0
238,1589691115985.0,93.0
239,1589691177108.0,94.0
240,1589691238135.0,94.0
241,1589691299194.0,94.0
242,1589691360752.0,93.0
243,1589691421795.0,93.0
244,1589691483040.0,93.0
245,1589691544270.0,94.0
246,1589691605345.0,94.0
247,1589691666387.0,94.0
248,1589691727384.0,94.0
249,1589691788599.0,94.0
250,1589691849642.0,94.0
251,1589691910700.0,93.0
252,1589691971744.0,93.0
253,1589692032803.0,93.0
254,1589692094033.0,94.0
255,1589692155076.0,94.0
256,1589692216166.0,94.0
257,1589692277224.0,93.0
258,1589692338323.0,93.0
259,1589692399600.0,93.0
260,1589692460658.0,93.0
261,1589692521717.0,93.0
262,1589692582822.0,94.0
263,1589692643881.0,94.0
264,1589692705251.0,93.0
265,1589692766325.0,93.0
266,1589692827384.0,93.0
267,1589692888910.0,93.0
268,1589692949955.0,93.0
269,1589693011045.0,93.0
270,1589693072119.0,93.0
271,1589693133224.0,93.0
272,1589693194283.0,93.0
273,1589693255341.0,93.0
274,1589693316587.0,93.0
275,1589693377615.0,93.0
276,1589693438845.0,93.0
277,1589693499919.0,93.0
278,1589693560963.0,93.0
279,1589693622023.0,93.0
280,1589693683128.0,93.0
281,1589693744343.0,93.0
282,1589693805417.0,93.0
283,1589693866477.0,93.0
284,1589693927536.0,93.0
285,1589693988766.0,93.0
286,1589694049824.0,93.0
287,1589694110852.0,93.0
288,1589694171895.0,93.0
289,1589694232953.0,93.0
290,1589694294168.0,93.0
291,1589694355725.0,94.0
292,1589694416784.0,94.0
293,1589694477858.0,94.0
294,1589694538854.0,94.0
295,1589694600084.0,94.0
296,1589694661127.0,94.0
297,1589694722139.0,94.0
298,1589694783197.0,94.0
299,1589694844726.0,94.0
300,1589694905991.0,94.0
301,1589694967705.0,94.0
302,1589695028763.0,94.0
303,1589695089824.0,94.0
304,1589695150898.0,94.0
305,1589695211956.0,94.0
306,1589695273171.0,94.0
307,1589695334713.0,94.0
308,1589695395757.0,94.0
309,1589695456815.0,94.0
310,1589695517874.0,94.0
311,1589695579120.0,94.0
312,1589695640180.0,94.0
313,1589695701223.0,94.0
314,1589695762734.0,94.0
315,1589695824044.0,94.0
316,1589695885243.0,94.0
317,1589695946302.0,94.0
318,1589696007344.0,94.0
319,1589696068403.0,94.0
320,1589696129446.0,94.0
321,1589696190676.0,94.0
322,1589696251734.0,95.0
323,1589696312965.0,94.0
324,1589696374007.0,94.0
325,1589696435066.0,94.0
326,1589696496140.0,94.0
327,1589696557433.0,94.0
328,1589696618492.0,94.0
329,1589696679722.0,94.0
330,1589696740814.0,94.0
331,1589696801857.0,94.0
332,1589696862915.0,95.0
333,1589696924114.0,95.0
334,1589696985173.0,95.0
335,1589697046372.0,94.0
336,1589697107415.0,94.0
337,1589697168442.0,94.0
338,1589697229486.0,94.0
339,1589697290529.0,94.0
340,1589697351806.0,95.0
341,1589697412864.0,95.0
342,1589697473907.0,95.0
343,1589697534950.0,95.0
344,1589697596445.0,95.0
345,1589697657473.0,95.0
346,1589697718736.0,94.0
347,1589697779826.0,95.0
348,1589697840853.0,95.0
349,1589697902317.0,95.0
350,1589697963344.0,95.0
351,1589698024403.0,95.0
352,1589698085430.0,95.0
353,1589698146707.0,95.0
354,1589698207766.0,95.0
355,1589698268793.0,95.0
356,1589698329883.0,95.0
357,1589698390941.0,95.0
358,1589698451984.0,95.0
359,1589698513339.0,95.0
360,1589698574382.0,95.0
361,1589698635440.0,95.0
362,1589698696516.0,95.0
363,1589698757575.0,95.0
364,1589698818649.0,95.0
365,1589698879707.0,95.0
366,1589698940719.0,95.0
367,1589699002045.0,95.0
368,1589699063337.0,95.0
369,1589699124380.0,95.0
370,1589699185423.0,95.0
371,1589699246466.0,95.0
372,1589699307525.0,95.0
373,1589699368739.0,95.0
374,1589699429829.0,95.0
375,1589699490887.0,95.0
376,1589699551915.0,95.0
377,1589699612975.0,95.0
378,1589699674158.0,95.0
379,1589699735357.0,95.0
380,1589699796385.0,95.0
381,1589699857428.0,95.0
382,1589699918486.0,95.0
383,1589699979529.0,95.0
384,1589700040790.0,95.0
385,1589700101833.0,95.0
386,1589700163126.0,95.0
387,1589700224169.0,95.0
388,1589700285212.0,95.0
389,1589700346270.0,95.0
390,1589700407531.0,96.0
391,1589700468559.0,96.0
392,1589700529587.0,96.0
393,1589700590803.0,96.0
394,1589700651878.0,96.0
395,1589700712936.0,96.0
396,1589700773965.0,96.0
397,1589700835040.0,96.0
398,1589700896753.0,96.0
399,1589700957796.0,96.0
400,1589701018855.0,96.0
401,1589701079852.0,96.0
402,1589701140895.0,96.0
403,1589701202094.0,96.0
404,1589701263105.0,96.0
405,1589701324304.0,96.0
406,1589701385331.0,96.0
407,1589701446328.0,96.0
408,1589701507355.0,96.0
409,1589701568384.0,96.0
410,1589701629583.0,96.0
411,1589701690626.0,96.0
412,1589701751622.0,96.0
413,1589701812837.0,96.0
414,1589701873895.0,96.0
415,1589701935094.0,96.0
416,1589701996137.0,96.0
417,1589702057180.0,96.0
418,1589702118207.0,96.0
419,1589702179734.0,96.0
420,1589702240745.0,100.0
421,1589702301915.0,100.0
422,1589702362896.0,99.0
423,1589702423923.0,99.0
424,1589702484981.0,99.0
425,1589702545963.0,99.0
426,1589702606962.0,99.0
427,1589702668005.0,99.0
428,1589702729157.0,99.0
429,1589702790340.0,99.0
430,1589702851336.0,99.0
431,1589702912364.0,99.0
432,1589702973375.0,99.0
433,1589703034389.0,99.0
434,1589703095526.0,99.0
435,1589703156522.0,99.0
436,1589703217534.0,99.0
437,1589703278514.0,99.0
438,1589703339526.0,99.0
439,1589703400522.0,99.0
440,1589703462735.0,99.0
441,1589703523902.0,99.0
442,1589703584914.0,99.0
443,1589703646097.0,99.0
444,1589703707094.0,99.0
445,1589703768105.0,99.0
446,1589703829367.0,99.0
447,1589703890363.0,98.0
448,1589703951624.0,98.0
449,1589704012651.0,98.0
450,1589704073632.0,98.0
451,1589704134659.0,99.0
452,1589704195686.0,98.0
453,1589704256995.0,98.0
454,1589704318006.0,98.0
455,1589704379003.0,98.0
456,1589704440203.0,98.0
457,1589704501700.0,98.0
458,1589704562711.0,98.0
459,1589704623692.0,98.0
460,1589704684689.0,98.0
461,1589704745872.0,98.0
462,1589704806900.0,98.0
463,1589704867911.0,99.0
464,1589704928985.0,99.0
465,1589704989981.0,98.0
466,1589705051180.0,98.0
467,1589705112708.0,98.0
468,1589705173704.0,98.0
469,1589705234887.0,98.0
470,1589705295883.0,98.0
471,1589705357035.0,98.0
472,1589705418034.0,98.0
473,1589705479014.0,98.0
474,1589705540010.0,98.0
475,1589705601178.0,98.0
476,1589705662938.0,98.0
477,1589705723935.0,98.0
478,1589705784931.0,98.0
479,1589705845958.0,98.0
480,1589705907016.0,98.0
481,1589705968169.0,98.0
482,1589706029149.0,98.0
483,1589706090114.0,98.0
484,1589706151094.0,98.0
485,1589706212092.0,98.0
486,1589706273728.0,98.0
487,1589706334976.0,98.0
488,1589706395956.0,98.0
489,1589706456953.0,98.0
490,1589706517964.0,98.0
491,1589706579179.0,98.0
492,1589706640643.0,98.0
493,1589706701623.0,98.0
494,1589706762621.0,98.0
495,1589706823632.0,98.0
496,1589706884800.0,98.0
497,1589706945952.0,98.0
498,1589707006964.0,98.0
499,1589707067975.0,98.0
500,1589707128972.0,98.0
501,1589707190124.0,98.0
502,1589707251291.0,98.0
503,1589707312290.0,98.0
504,1589707373301.0,98.0
505,1589707434313.0,98.0
506,1589707495574.0,98.0
507,1589707556539.0,98.0
508,1589707617535.0,98.0
509,1589707678531.0,98.0
510,1589707739543.0,98.0
511,1589707800726.0,98.0
512,1589707861832.0,98.0
513,1589707922812.0,98.0
514,1589707983841.0,98.0
515,1589708044839.0,98.0
516,1589708105991.0,98.0
517,1589708167065.0,98.0
518,1589708228061.0,98.0
519,1589708289075.0,98.0
520,1589708350086.0,98.0
521,1589708411082.0,98.0
522,1589708472268.0,98.0
523,1589708533248.0,98.0
524,1589708594198.0,98.0
525,1589708655444.0,98.0
526,1589708716442.0,98.0
527,1589708777407.0,98.0
528,1589708838575.0,98.0
529,1589708899571.0,98.0
530,1589708960552.0,98.0
531,1589709021612.0,98.0
532,1589709082593.0,98.0
533,1589709143636.0,98.0
534,1589709204788.0,98.0
535,1589709265784.0,98.0
536,1589709326812.0,98.0
537,1589709387824.0,98.0
538,1589709448791.0,98.0
539,1589709509787.0,98.0
540,1589709570954.0,98.0
541,1589709632122.0,98.0
542,1589709693149.0,98.0
543,1589709754130.0,98.0
544,1589709815143.0,98.0
545,1589709876108.0,98.0
546,1589709937743.0,98.0
547,1589709998786.0,98.0
548,1589710059767.0,98.0
549,1589710120778.0,98.0
550,1589710181775.0,98.0
551,1589710242942.0,98.0
552,1589710304016.0,98.0
553,1589710364997.0,98.0
554,1589710425946.0,98.0
555,1589710486942.0,98.0
556,1589710547954.0,98.0
557,1589710609122.0,98.0
558,1589710670118.0,98.0
559,1589710731301.0,98.0
560,1589710792297.0,98.0
561,1589710853293.0,98.0
562,1589710914321.0,98.0
563,1589710975520.0,98.0
564,1589711036516.0,98.0
565,1589711097699.0,98.0
566,1589711158696.0,98.0
567,1589711219692.0,97.0
568,1589711280860.0,98.0
569,1589711341840.0,98.0
570,1589711402836.0,97.0
571,1589711463833.0,97.0
572,1589711525016.0,97.0
573,1589711585997.0,97.0
574,1589711646995.0,97.0
575,1589711708006.0,97.0
576,1589711769720.0,97.0
577,1589711830872.0,97.0
578,1589711891853.0,97.0
579,1589711952833.0,97.0
580,1589712013860.0,97.0
581,1589712074888.0,97.0
582,1589712197053.0,97.0
583,1589712258237.0,97.0
584,1589712319280.0,97.0
585,1589712380276.0,97.0
586,1589712441334.0,97.0
587,1589712502302.0,97.0
588,1589712563470.0,97.0
589,1589712624482.0,97.0
590,1589712685493.0,97.0
591,1589712746489.0,97.0
592,1589712807595.0,97.0
593,1589712868778.0,97.0
594,1589712929774.0,97.0
595,1589712990771.0,97.0
596,1589713051752.0,97.0
597,1589713112764.0,98.0
598,1589713173917.0,98.0
599,1589713234913.0,97.0
600,1589713296174.0,97.0
601,1589713357685.0,97.0
602,1589713418651.0,97.0
603,1589713479725.0,97.0
604,1589713540783.0,97.0
605,1589713602029.0,97.0
606,1589713663012.0,97.0
607,1589713724008.0,97.0
608,1589713785160.0,97.0
609,1589713846156.0,97.0
610,1589713907355.0,97.0
611,1589713968335.0,97.0
612,1589714029317.0,97.0
613,1589714090391.0,97.0
614,1589714151387.0,97.0
615,1589714212539.0,97.0
616,1589714273535.0,97.0
617,1589714334531.0,97.0
618,1589714395528.0,97.0
619,1589714456539.0,97.0
620,1589714517723.0,97.0
621,1589714578734.0,97.0
622,1589714639715.0,97.0
623,1589714700711.0,97.0
624,1589714761707.0,97.0
625,1589714822953.0,97.0
626,1589714883964.0,97.0
627,1589714944976.0,97.0
628,1589715005990.0,97.0
629,1589715066986.0,97.0
630,1589715128138.0,97.0
631,1589715189106.0,97.0
632,1589715250290.0,97.0
633,1589715311286.0,97.0
634,1589715372282.0,97.0
635,1589715433435.0,97.0
636,1589715494415.0,97.0
637,1589715555442.0,97.0
638,1589715616438.0,97.0
639,1589715677450.0,97.0
640,1589715738634.0,97.0
641,1589715799801.0,97.0
642,1589715860797.0,97.0
643,1589715921778.0,97.0
644,1589715982759.0,97.0
645,1589716043755.0,97.0
646,1589716104939.0,97.0
647,1589716165935.0,97.0
648,1589716226948.0,97.0
649,1589716287944.0,97.0
650,1589716348940.0,97.0
651,1589716410170.0,97.0
652,1589716471712.0,97.0
653,1589716532724.0,97.0
654,1589716593735.0,97.0
655,1589716654732.0,97.0
656,1589716715962.0,97.0
657,1589716776973.0,97.0
658,1589716837985.0,97.0
659,1589716898983.0,97.0
660,1589716960010.0,97.0
661,1589717021166.0,97.0
662,1589717082333.0,97.0
663,1589717143329.0,97.0
664,1589717204341.0,97.0
665,1589717265337.0,97.0
666,1589717326318.0,97.0
667,1589717387454.0,97.0
668,1589717448638.0,97.0
669,1589717509665.0,97.0
670,1589717570677.0,97.0
671,1589717631673.0,97.0
672,1589717692856.0,97.0
673,1589717753852.0,97.0
674,1589717814864.0,97.0
675,1589717875877.0,97.0
676,1589717936983.0,97.0
677,1589717998010.0,97.0
678,1589718058991.0,97.0
679,1589718120143.0,97.0
680,1589718181171.0,97.0
681,1589718242776.0,97.0
682,1589718303803.0,97.0
683,1589718364830.0,97.0
684,1589718425842.0,97.0
685,1589718486854.0,97.0
686,1589718548052.0,97.0
687,1589718609283.0,97.0
688,1589718670279.0,97.0
689,1589718731275.0,97.0
690,1589718792288.0,97.0
691,1589718853458.0,97.0
692,1589718914719.0,97.0
693,1589718975731.0,97.0
694,1589719036696.0,97.0
695,1589719097661.0,97.0
696,1589719158844.0,97.0
697,1589719219809.0,97.0
698,1589719280774.0,97.0
699,1589719341801.0,97.0
700,1589719403047.0,97.0
701,1589719464137.0,97.0
702,1589719525149.0,97.0
703,1589719586145.0,97.0
704,1589719647125.0,97.0
705,1589719708355.0,97.0
706,1589719769601.0,97.0
707,1589719830599.0,97.0
708,1589719891611.0,97.0
709,1589719952638.0,97.0
710,1589720013634.0,97.0
711,1589720074880.0,97.0
712,1589720135907.0,96.0
713,1589720196888.0,96.0
714,1589720257915.0,96.0
715,1589720319114.0,96.0
716,1589720380126.0,96.0
717,1589720441731.0,96.0
718,1589720502744.0,96.0
719,1589720563771.0,96.0
720,1589720624987.0,96.0
721,1589720686014.0,96.0
722,1589720747121.0,96.0
723,1589720808133.0,96.0
724,1589720869161.0,96.0
725,1589720930376.0,96.0
726,1589720991372.0,96.0
727,1589721052399.0,96.0
728,1589721113395.0,96.0
729,1589721174610.0,96.0
730,1589721235824.0,96.0
731,1589721296852.0,96.0
732,1589721357879.0,96.0
733,1589721418891.0,96.0
734,1589721480183.0,96.0
735,1589721541382.0,96.0
736,1589721602411.0,96.0
737,1589721663423.0,96.0
738,1589721724451.0,96.0
739,1589721785604.0,96.0
740,1589721846615.0,96.0
741,1589721908204.0,96.0
742,1589721969746.0,96.0
743,1589722030789.0,96.0
744,1589722091801.0,96.0
745,1589722152828.0,96.0
746,1589722213996.0,96.0
747,1589722274992.0,96.0
748,1589722336160.0,96.0
749,1589722397204.0,96.0
750,1589722458200.0,96.0
751,1589722519726.0,96.0
752,1589722580816.0,96.0
753,1589722641812.0,96.0
754,1589722703029.0,96.0
755,1589722764056.0,96.0
756,1589722825052.0,96.0
757,1589722886095.0,96.0
758,1589722947356.0,95.0
759,1589723008477.0,95.0
760,1589723069504.0,96.0
761,1589723130516.0,95.0
762,1589723191512.0,95.0
763,1589723252727.0,95.0
764,1589723313926.0,96.0
765,1589723374953.0,96.0
766,1589723435980.0,95.0
767,1589723497008.0,96.0
768,1589723558035.0,96.0
769,1589723619751.0,96.0
770,1589723680780.0,96.0
771,1589723741994.0,96.0
772,1589723803037.0,96.0
773,1589723864033.0,96.0
774,1589723925295.0,96.0
775,1589723986322.0,95.0
776,1589724047365.0,95.0
777,1589724108392.0,95.0
778,1589724169420.0,95.0
779,1589724230449.0,95.0
780,1589724291679.0,95.0
781,1589724352971.0,95.0
782,1589724413999.0,95.0
783,1589724475011.0,95.0
784,1589724536054.0,95.0
785,1589724597239.0,95.0
786,1589724658344.0,95.0
787,1589724719356.0,95.0
788,1589724780414.0,95.0
789,1589724841426.0,95.0
790,1589724902718.0,95.0
791,1589724963949.0,95.0
792,1589725024960.0,95.0
793,1589725086003.0,95.0
794,1589725147015.0,95.0
795,1589725208120.0,95.0
796,1589725269147.0,95.0
797,1589725330393.0,95.0
798,1589725391452.0,95.0
799,1589725452495.0,95.0
800,1589725513709.0,95.0
801,1589725574754.0,95.0
802,1589725635937.0,95.0
803,1589725696965.0,95.0
804,1589725757961.0,95.0
805,1589725819690.0,95.0
806,1589725880749.0,95.0
807,1589725941823.0,95.0
808,1589726002804.0,95.0
809,1589726063834.0,95.0
810,1589726124862.0,95.0
811,1589726186029.0,95.0
812,1589726247166.0,95.0
813,1589726308193.0,95.0
814,1589726369174.0,95.0
815,1589726430217.0,95.0
816,1589726491525.0,95.0
817,1589726552617.0,95.0
818,1589726613675.0,95.0
819,1589726674687.0,95.0
820,1589726735714.0,95.0
821,1589726856973.0,95.0
822,1589726918172.0,95.0
823,1589726979199.0,95.0
824,1589727040695.0,95.0
825,1589727101722.0,95.0
826,1589727162952.0,95.0
827,1589727224026.0,95.0
828,1589727285053.0,95.0
829,1589727346127.0,95.0
830,1589727407170.0,95.0
831,1589727468215.0,95.0
832,1589727529492.0,95.0
833,1589727590691.0,95.0
834,1589727651734.0,95.0
835,1589727712777.0,95.0
836,1589727773805.0,95.0
837,1589727834834.0,95.0
838,1589727896064.0,95.0
839,1589727957278.0,95.0
840,1589728018305.0,95.0
841,1589728079334.0,95.0
842,1589728140361.0,95.0
843,1589728201654.0,95.0
844,1589728262931.0,95.0
845,1589728323958.0,95.0
846,1589728385032.0,95.0
847,1589728446077.0,95.0
848,1589728507104.0,95.0
849,1589728568334.0,95.0
850,1589728629471.0,95.0
851,1589728690514.0,95.0
852,1589728751603.0,95.0
853,1589728812615.0,95.0
854,1589728873642.0,95.0
855,1589728934920.0,95.0
856,1589728995979.0,95.0
857,1589729057006.0,95.0
858,1589729118002.0,95.0
859,1589729178983.0,95.0
860,1589729240057.0,95.0
861,1589729301724.0,95.0
862,1589729362798.0,95.0
863,1589729423827.0,95.0
864,1589729484854.0,95.0
865,1589729545882.0,95.0
866,1589729606928.0,95.0
867,1589729668173.0,95.0
868,1589729729403.0,95.0
869,1589729790446.0,94.0
870,1589729851521.0,95.0
871,1589729912563.0,95.0
872,1589729973872.0,95.0
873,1589730034914.0,95.0
874,1589730096082.0,95.0
875,1589730157141.0,95.0
876,1589730218184.0,95.0
877,1589730279804.0,95.0
878,1589730340864.0,95.0
879,1589730401907.0,95.0
880,1589730462919.0,95.0
881,1589730523977.0,95.0
882,1589730585207.0,95.0
883,1589730646734.0,95.0
884,1589730707840.0,94.0
885,1589730768868.0,94.0
886,1589730829910.0,94.0
887,1589730890953.0,94.0
888,1589730952183.0,94.0
889,1589731013726.0,94.0
890,1589731074784.0,94.0
891,1589731135874.0,94.0
892,1589731196901.0,94.0
893,1589731258318.0,94.0
894,1589731319363.0,95.0
895,1589731380407.0,95.0
896,1589731441623.0,95.0
897,1589731502697.0,95.0
898,1589731563771.0,95.0
899,1589731624829.0,95.0
900,1589731685872.0,95.0
901,1589731747399.0,95.0
902,1589731808598.0,95.0
903,1589731869625.0,95.0
904,1589731930699.0,95.0
905,1589731991695.0,95.0
906,1589732052816.0,95.0
907,1589732113859.0,95.0
908,1589732175136.0,95.0
909,1589732236179.0,94.0
910,1589732297255.0,94.0
911,1589732358251.0,94.0
912,1589732419310.0,95.0
913,1589732480540.0,95.0
914,1589732541661.0,95.0
915,1589732602719.0,94.0
916,1589732663778.0,94.0
917,1589732724821.0,94.0
918,1589732785879.0,94.0
919,1589732847718.0,94.0
920,1589732908760.0,94.0
921,1589732969975.0,94.0
922,1589733031002.0,94.0
923,1589733092061.0,94.0
924,1589733153151.0,94.0
925,1589733214196.0,94.0
926,1589733275928.0,94.0
927,1589733336971.0,94.0
928,1589733398061.0,94.0
929,1589733459354.0,94.0
930,1589733520397.0,94.0
931,1589733581455.0,94.0
932,1589733642529.0,94.0
933,1589733703572.0,94.0
934,1589733764898.0,94.0
935,1589733825925.0,94.0
936,1589733886984.0,94.0
937,1589733948713.0,94.0
938,1589734009756.0,94.0
939,1589734071080.0,94.0
940,1589734132124.0,94.0
941,1589734193153.0,94.0
942,1589734254211.0,94.0
943,1589734316019.0,93.0
944,1589734377046.0,93.0
945,1589734438136.0,94.0
946,1589734499179.0,94.0
947,1589734560362.0,94.0
948,1589734621342.0,94.0
949,1589734682370.0,94.0
950,1589734743413.0,94.0
951,1589734804424.0,94.0
952,1589734865733.0,94.0
953,1589734926775.0,94.0
954,1589734987977.0,94.0
955,1589735049020.0,94.0
956,1589735110079.0,94.0
957,1589735171124.0,94.0
958,1589735232167.0,94.0
959,1589735293397.0,94.0
960,1589735354440.0,94.0
961,1589735415560.0,94.0
962,1589735476588.0,94.0
963,1589735537631.0,94.0
964,1589735598689.0,94.0
965,1589735659732.0,94.0
966,1589735720962.0,94.0
967,1589735782192.0,94.0
968,1589735843734.0,94.0
969,1589735904777.0,94.0
970,1589735965820.0,94.0
971,1589736026972.0,94.0
972,1589736088015.0,94.0
973,1589736149060.0,94.0
974,1589736210087.0,94.0
975,1589736271879.0,94.0
976,1589736333062.0,94.0
977,1589736394121.0,94.0
978,1589736455148.0,94.0
979,1589736516207.0,94.0
980,1589736577265.0,94.0
981,1589736638495.0,94.0
982,1589736699554.0,94.0
983,1589736760784.0,94.0
984,1589736821845.0,94.0
985,1589736882950.0,94.0
986,1589736943993.0,94.0
987,1589737005285.0,94.0
988,1589737066316.0,94.0
989,1589737127436.0,94.0
990,1589737188464.0,94.0
991,1589737249711.0,94.0
992,1589737311035.0,94.0
993,1589737372063.0,94.0
994,1589737433105.0,94.0
995,1589737494164.0,93.0
996,1589737555238.0,93.0
997,1589737616531.0,94.0
998,1589737677823.0,94.0
999,1589737738882.0,94.0
1000,1589737799878.0,94.0
1001,1589737860921.0,94.0
1002,1589737922213.0,94.0
1003,1589737983755.0,94.0
1004,1589738045095.0,93.0
1005,1589738106154.0,93.0
1006,1589738167213.0,93.0
1007,1589738228271.0,93.0
1008,1589738289501.0,93.0
1009,1589738350560.0,93.0
1010,1589738411634.0,93.0
1011,1589738472677.0,93.0
1012,1589738533813.0,93.0
1013,1589738595061.0,93.0
1014,1589738656119.0,93.0
1015,1589738717178.0,93.0
1016,1589738778751.0,94.0
1017,1589738839794.0,94.0
1018,1589738900993.0,93.0
1019,1589738962067.0,93.0
1020,1589739023112.0,93.0
1021,1589739084171.0,93.0
1022,1589739145744.0,94.0
1023,1589739206958.0,94.0
1024,1589739268017.0,93.0
1025,1589739329060.0,93.0
1026,1589739390134.0,93.0
1027,1589739451194.0,93.0
1028,1589739512425.0,93.0
1029,1589739573500.0,93.0
1030,1589739634527.0,93.0
1031,1589739695617.0,93.0
1032,1589739757377.0,93.0
1033,1589739818607.0,93.0
1034,1589739879837.0,93.0
1035,1589739940897.0,94.0
1036,1589740001940.0,94.0
1037,1589740062983.0,93.0
1038,1589740124041.0,93.0
1039,1589740185349.0,93.0
1040,1589740246423.0,94.0
1041,1589740307482.0,94.0
1042,1589740368681.0,94.0
1043,1589740429725.0,94.0
1044,1589740490986.0,94.0
1045,1589740552013.0,94.0
1046,1589740613087.0,94.0
1047,1589740674146.0,94.0
1048,1589740735282.0,94.0
1049,1589740796263.0,94.0
1050,1589740857321.0,94.0
1051,1589740918585.0,94.0
1052,1589740979612.0,93.0
1053,1589741040673.0,93.0
1054,1589741101731.0,93.0
1055,1589741162758.0,94.0
1056,1589741223988.0,94.0
1057,1589741285032.0,94.0
1058,1589741346169.0,94.0
1059,1589741407227.0,94.0
1060,1589741468304.0,94.0
1061,1589741529502.0,94.0
1062,1589741590623.0,94.0
1063,1589741651931.0,94.0
1064,1589741712990.0,94.0
1065,1589741774033.0,94.0
1066,1589741835154.0,94.0
1067,1589741896212.0,94.0
1068,1589741957754.0,93.0
1069,1589742018797.0,93.0
1070,1589742079856.0,94.0
1071,1589742141164.0,94.0
1072,1589742202490.0,94.0
1073,1589742263533.0,94.0
1074,1589742324591.0,94.0
1075,1589742385650.0,94.0
1076,1589742447192.0,94.0
1077,1589742508890.0,94.0
1078,1589742569948.0,94.0
1079,1589742631007.0,94.0
1080,1589742692065.0,94.0
1081,1589742753139.0,94.0
1082,1589742814182.0,94.0
1083,1589742875741.0,94.0
1084,1589742936801.0,94.0
1085,1589742997829.0,94.0
1086,1589743059075.0,94.0
1087,1589743120320.0,94.0
1088,1589743181365.0,94.0
1089,1589743242408.0,94.0
1090,1589743303467.0,94.0
1091,1589743364509.0,94.0
1092,1589743425740.0,94.0
1093,1589743486782.0,93.0
1094,1589743547841.0,93.0
1095,1589743608899.0,94.0
1096,1589743670239.0,93.0
1097,1589743731297.0,93.0
1098,1589743792449.0,94.0
1099,1589743853508.0,93.0
1100,1589743914566.0,93.0
1101,1589743975735.0,94.0
1102,1589744036795.0,93.0
1103,1589744097838.0,93.0
1104,1589744159052.0,94.0
1105,1589744220081.0,94.0
1106,1589744281140.0,94.0
1107,1589744342744.0,94.0
1108,1589744403803.0,94.0
1109,1589744464846.0,94.0
1110,1589744525904.0,94.0
1111,1589744587134.0,94.0
1112,1589744648177.0,94.0
1113,1589744709735.0,94.0
1114,1589744770794.0,93.0
1115,1589744831836.0,93.0
1116,1589744893067.0,93.0
1117,1589744954125.0,93.0
1118,1589745015745.0,93.0
1119,1589745076788.0,93.0
1120,1589745137878.0,93.0
1121,1589745199092.0,93.0
1122,1589745260213.0,93.0
1123,1589745321942.0,93.0
1124,1589745382985.0,93.0
1125,1589745444044.0,93.0
1126,1589745505633.0,93.0
1127,1589745566691.0,93.0
1128,1589745627734.0,93.0
1129,1589745688840.0,93.0
1130,1589745749900.0,93.0
1131,1589745810945.0,93.0
1132,1589745872191.0,93.0
1133,1589745933733.0,93.0
1134,1589745995056.0,93.0
1135,1589746056115.0,93.0
1136,1589746117189.0,93.0
1137,1589746178934.0,93.0
1138,1589746240008.0,93.0
1139,1589746301067.0,93.0
1140,1589746362110.0,93.0
1141,1589746423433.0,93.0
1142,1589746484539.0,93.0
1143,1589746545847.0,93.0
1144,1589746606905.0,93.0
1145,1589746667968.0,93.0
1146,1589746729026.0,93.0
1147,1589746790116.0,93.0
1148,1589746851377.0,93.0
1149,1589746912436.0,93.0
1150,1589746973432.0,93.0
1151,1589747034475.0,93.0
1152,1589747095627.0,93.0
1153,1589747156654.0,93.0
1154,1589747217728.0,93.0
1155,1589747278958.0,93.0
1156,1589747340001.0,93.0
1157,1589747401247.0,93.0
1158,1589747462321.0,93.0
1159,1589747523380.0,93.0
1160,1589747584455.0,93.0
1161,1589747645500.0,93.0
1162,1589747706761.0,93.0
1163,1589747767882.0,93.0
1164,1589747828956.0,93.0
1165,1589747890124.0,93.0
1166,1589747951198.0,93.0
1167,1589748012740.0,93.0
1168,1589748074937.0,93.0
1169,1589748136011.0,93.0
1170,1589748197085.0,93.0
1171,1589748258409.0,93.0
1172,1589748319468.0,93.0
1173,1589748380744.0,93.0
1174,1589748441819.0,93.0
1175,1589748502861.0,93.0
1176,1589748563920.0,93.0
1177,1589748625402.0,93.0
1178,1589748686647.0,93.0
1179,1589748747706.0,93.0
1180,1589748808764.0,93.0
1181,1589748869807.0,93.0
1182,1589748931037.0,93.0
1183,1589748992314.0,93.0
1184,1589749053373.0,93.0
1185,1589749114431.0,93.0
1186,1589749175474.0,93.0
1187,1589749236626.0,93.0
1188,1589749297685.0,93.0
1189,1589749358743.0,93.0
1190,1589749419803.0,93.0
1191,1589749480861.0,93.0
1192,1589749542171.0,93.0
1193,1589749603308.0,93.0
1194,1589749664866.0,93.0
1195,1589749725924.0,93.0
1196,1589749786998.0,93.0
1197,1589749848041.0,93.0
1198,1589749909304.0,93.0
1199,1589749970393.0,93.0
1200,1589750031452.0,93.0
1201,1589750092510.0,93.0
1202,1589750153538.0,93.0
1203,1589750214627.0,93.0
1204,1589750275904.0,93.0
1205,1589750336963.0,93.0
1206,1589750398193.0,93.0
1207,1589750459719.0,93.0
1208,1589750520811.0,93.0
1209,1589750581885.0,93.0
1210,1589750643115.0,93.0
1211,1589750704361.0,93.0
1212,1589750765419.0,92.0
1213,1589750826494.0,92.0
1214,1589750887568.0,93.0
1215,1589750948907.0,93.0
1216,1589751010730.0,93.0
1217,1589751071882.0,93.0
1218,1589751132956.0,93.0
1219,1589751194047.0,93.0
1220,1589751255230.0,92.0
1221,1589751316460.0,92.0
1222,1589751377534.0,92.0
1223,1589751438608.0,93.0
1224,1589751499670.0,92.0
1225,1589751560697.0,92.0
1226,1589751621943.0,92.0
1227,1589751683017.0,92.0
1228,1589751744325.0,92.0
1229,1589751805399.0,92.0
1230,1589751866473.0,92.0
1231,1589751927532.0,92.0
1232,1589751988622.0,92.0
1233,1589752050054.0,93.0
1234,1589752111129.0,93.0
1235,1589752172484.0,93.0
1236,1589752233558.0,92.0
1237,1589752294601.0,92.0
1238,1589752355723.0,93.0
1239,1589752416782.0,93.0
1240,1589752477843.0,93.0
1241,1589752539074.0,92.0
1242,1589752600163.0,92.0
1243,1589752661237.0,92.0
1244,1589752722499.0,93.0
1245,1589752783464.0,93.0
1246,1589752844694.0,93.0
1247,1589752905768.0,93.0
1248,1589752966781.0,92.0
1249,1589753027857.0,92.0
1250,1589753088915.0,92.0
1251,1589753150176.0,92.0
1252,1589753211721.0,92.0
1253,1589753272795.0,92.0
1254,1589753333838.0,92.0
1255,1589753395100.0,92.0
1256,1589753456346.0,92.0
1257,1589753517404.0,92.0
1258,1589753578478.0,93.0
1259,1589753639521.0,93.0
1260,1589753700595.0,92.0
1261,1589753761935.0,92.0
1262,1589753823133.0,92.0
1263,1589753884192.0,93.0
1264,1589753945734.0,92.0
1265,1589754006762.0,92.0
1266,1589754067821.0,93.0
1267,1589754129207.0,92.0
1268,1589754190546.0,92.0
1269,1589754251605.0,92.0
1270,1589754312679.0,92.0
1271,1589754373739.0,92.0
1272,1589754434798.0,93.0
1273,1589754496028.0,93.0
1274,1589754557367.0,93.0
1275,1589754618426.0,93.0
1276,1589754679500.0,93.0
1277,1589754740558.0,93.0
1278,1589754801649.0,92.0
1279,1589754862942.0,92.0
1280,1589754924265.0,92.0
1281,1589754985355.0,93.0
1282,1589755046429.0,93.0
1283,1589755107488.0,93.0
1284,1589755168765.0,93.0
1285,1589755230088.0,93.0
1286,1589755291162.0,93.0
1287,1589755352223.0,93.0
1288,1589755413297.0,93.0
1289,1589755474636.0,93.0
1290,1589755535866.0,93.0
1291,1589755596878.0,93.0
1292,1589755657859.0,93.0
1293,1589755718948.0,93.0
1294,1589755779960.0,92.0
1295,1589755841237.0,92.0
1296,1589755902420.0,93.0
1297,1589755963463.0,93.0
1298,1589756024506.0,93.0
1299,1589756085580.0,93.0
1300,1589756146639.0,92.0
1301,1589756207962.0,92.0
1302,1589756269101.0,93.0
1303,1589756330128.0,92.0
1304,1589756391171.0,92.0
1305,1589756452713.0,92.0
1306,1589756513787.0,93.0
1307,1589756575034.0,93.0
1308,1589756636358.0,93.0
1309,1589756697416.0,92.0
1310,1589756758475.0,93.0
1311,1589756819533.0,93.0
1312,1589756880857.0,93.0
1313,1589756941962.0,93.0
1314,1589757003021.0,93.0
1315,1589757064079.0,93.0
1316,1589757125153.0,93.0
1317,1589757186228.0,93.0
1318,1589757247460.0,93.0
1319,1589757308705.0,93.0
1320,1589757369764.0,93.0
1321,1589757430838.0,93.0
1322,1589757491896.0,93.0
1323,1589757553267.0,93.0
1324,1589757614622.0,93.0
1325,1589757675681.0,93.0
1326,1589757736755.0,93.0
1327,1589757797830.0,93.0
1328,1589757859153.0,93.0
1329,1589757920399.0,93.0
1330,1589757981458.0,93.0
1331,1589758042532.0,93.0
1332,1589758103608.0,93.0
1333,1589758164853.0,93.0
1334,1589758226038.0,93.0
1335,1589758287034.0,93.0
1336,1589758348092.0,92.0
1337,1589758409152.0,92.0
1338,1589758470257.0,92.0
1339,1589758531581.0,92.0
1340,1589758592655.0,92.0
1341,1589758653713.0,92.0
1342,1589758714803.0,92.0
1343,1589758776065.0,93.0
1344,1589758837092.0,93.0
1345,1589758898182.0,92.0
1346,1589758959926.0,92.0
1347,1589759021001.0,92.0
1348,1589759082106.0,92.0
1349,1589759143369.0,92.0
1350,1589759204428.0,92.0
1351,1589759265502.0,92.0
1352,1589759326576.0,92.0
1353,1589759387650.0,92.0
1354,1589759448989.0,92.0
1355,1589759510063.0,92.0
1356,1589759571387.0,92.0
1357,1589759632477.0,92.0
1358,1589759693567.0,92.0
1359,1589759754656.0,92.0
1360,1589759815730.0,92.0
1361,1589759877085.0,92.0
1362,1589759938253.0,92.0
1363,1589759999327.0,92.0
1364,1589760060386.0,92.0
1365,1589760121446.0,92.0
1366,1589760182537.0,92.0
1367,1589760243829.0,92.0
1368,1589760304903.0,92.0
1369,1589760365962.0,92.0
1370,1589760427036.0,92.0
1371,1589760488282.0,92.0
1372,1589760549340.0,92.0
1373,1589760610586.0,92.0
1374,1589760671613.0,92.0
1375,1589760732656.0,92.0
1376,1589760793886.0,92.0
1377,1589760854898.0,92.0
1378,1589760915910.0,92.0
1379,1589760976984.0,92.0
1380,1589761038058.0,92.0
1381,1589761099073.0,92.0
1382,1589761160147.0,92.0
1383,1589761221205.0,92.0
1384,1589761282420.0,92.0
1385,1589761343775.0,92.0
1386,1589761404864.0,92.0
1387,1589761465907.0,92.0
1388,1589761527013.0,92.0
1389,1589761588133.0,92.0
1390,1589761649208.0,92.0
1391,1589761710469.0,92.0
1392,1589761771527.0,92.0
1393,1589761832601.0,92.0
1394,1589761893863.0,92.0
1395,1589761954937.0,92.0
1396,1589762015996.0,92.0
1397,1589762077074.0,92.0
1398,1589762138148.0,92.0
1399,1589762199378.0,92.0
1400,1589762260701.0,92.0
1401,1589762322743.0,92.0
1402,1589762383786.0,92.0
1403,1589762444845.0,92.0
1404,1589762506075.0,93.0
1405,1589762567149.0,93.0
1406,1589762628738.0,92.0
1407,1589762689812.0,92.0
1408,1589762750886.0,92.0
1409,1589762812226.0,92.0
1410,1589762873300.0,92.0
1411,1589762934374.0,92.0
1412,1589762995497.0,92.0
1413,1589763056602.0,92.0
1414,1589763117676.0,92.0
1415,1589763178766.0,92.0
1416,1589763239840.0,92.0
1417,1589763301164.0,92.0
1418,1589763362378.0,92.0
1419,1589763423468.0,92.0
1420,1589763484527.0,92.0
1421,1589763545569.0,92.0
1422,1589763606800.0,92.0
1423,1589763668061.0,92.0
1424,1589763729135.0,92.0
1425,1589763790179.0,92.0
1426,1589763851737.0,92.0
1427,1589763913045.0,92.0
1428,1589763974136.0,92.0
1429,1589764035195.0,92.0
1430,1589764096253.0,92.0
1431,1589764157328.0,92.0
1432,1589764218589.0,92.0
1433,1589764279850.0,92.0
1434,1589764340924.0,92.0
1435,1589764401983.0,92.0
1436,1589764463057.0,91.0
1437,1589764524178.0,92.0
1438,1589764585767.0,92.0
1439,1589764647106.0,92.0
1440,1589764708180.0,92.0
1441,1589764769285.0,91.0
1442,1589764830360.0,91.0
1443,1589764891761.0,91.0
1444,1589764952837.0,91.0
1445,1589765014161.0,91.0
1446,1589765075282.0,91.0
1447,1589765136356.0,91.0
1448,1589765197430.0,91.0
1449,1589765258552.0,91.0
1450,1589765319813.0,91.0
1451,1589765380888.0,91.0
1452,1589765441962.0,91.0
1453,1589765503051.0,91.0
1454,1589765564125.0,91.0
1455,1589765625372.0,91.0
1456,1589765686555.0,91.0
1457,1589765747645.0,91.0
1458,1589765808704.0,91.0
1459,1589765869795.0,91.0
1460,1589765931025.0,91.0
1461,1589765992055.0,91.0
1462,1589766053113.0,91.0
1463,1589766114219.0,91.0
1464,1589766175745.0,92.0
1465,1589766237084.0,92.0
1466,1589766298160.0,92.0
1467,1589766359686.0,91.0
1468,1589766420776.0,92.0
1469,1589766481912.0,92.0
1470,1589766542986.0,92.0
1471,1589766604076.0,91.0
1472,1589766665337.0,91.0
1473,1589766726411.0,91.0
1474,1589766787753.0,91.0
1475,1589766848842.0,91.0
1476,1589766909917.0,91.0
1477,1589766971053.0,91.0
1478,1589767032283.0,91.0
1479,1589767093373.0,91.0
1480,1589767154447.0,91.0
1481,1589767215537.0,91.0
1482,1589767276767.0,91.0
1483,1589767338045.0,91.0
1484,1589767399135.0,91.0
1485,1589767460210.0,90.0
1486,1589767521284.0,91.0
1487,1589767582342.0,91.0
1488,1589767643697.0,91.0
1489,1589767704818.0,91.0
1490,1589767765892.0,91.0
1491,1589767826983.0,90.0
1492,1589767888106.0,90.0
1493,1589767949336.0,90.0
1494,1589768010597.0,90.0
1495,1589768071702.0,90.0
1496,1589768132808.0,90.0
1497,1589768193897.0,90.0
1498,1589768254972.0,90.0
1499,1589768316498.0,90.0
1500,1589768377603.0,91.0
1501,1589768438693.0,90.0
1502,1589768499798.0,90.0
1503,1589768560888.0,91.0
1504,1589768621900.0,91.0
1505,1589768682896.0,91.0
1506,1589768744127.0,91.0
1507,1589768805217.0,91.0
1508,1589768866306.0,91.0
1509,1589768927396.0,91.0
1510,1589768988470.0,91.0
1511,1589769049560.0,91.0
1512,1589769110806.0,91.0
1513,1589769171928.0,91.0
1514,1589769233034.0,91.0
1515,1589769294108.0,91.0
1516,1589769355666.0,91.0
1517,1589769416989.0,91.0
1518,1589769478064.0,91.0
1519,1589769539169.0,91.0
1520,1589769600727.0,91.0
1521,1589769661832.0,91.0
1522,1589769723142.0,91.0
1523,1589769784217.0,91.0
1524,1589769845307.0,91.0
1525,1589769906599.0,91.0
1526,1589769967705.0,91.0
1527,1589770028997.0,91.0
1528,1589770090071.0,91.0
1529,1589770151161.0,91.0
1530,1589770212283.0,91.0
1531,1589770273373.0,91.0
1532,1589770334696.0,91.0
1533,1589770395770.0,91.0
1534,1589770456844.0,91.0
1535,1589770517965.0,91.0
1536,1589770579039.0,91.0
1537,1589770640129.0,91.0
1538,1589770701970.0,91.0
1539,1589770763044.0,91.0
1540,1589770824118.0,91.0
1541,1589770885707.0,91.0
1542,1589770946797.0,91.0
1543,1589771007875.0,91.0
1544,1589771068964.0,91.0
1545,1589771130321.0,91.0
1546,1589771191427.0,91.0
1547,1589771252750.0,91.0
1548,1589771313824.0,91.0
1549,1589771374914.0,91.0
1550,1589771435957.0,91.0
1551,1589771497733.0,91.0
1552,1589771558838.0,92.0
1553,1589771620038.0,92.0
1554,1589771681050.0,92.0
1555,1589771742140.0,92.0
1556,1589771925346.0,92.0
1557,1589771986405.0,92.0
1558,1589772047463.0,92.0
1559,1589772108584.0,92.0
1560,1589772169674.0,92.0
1561,1589772230748.0,92.0
1562,1589772291822.0,92.0
1563,1589772353146.0,92.0
1564,1589772414220.0,92.0
1565,1589772475280.0,92.0
1566,1589772536385.0,92.0
1567,1589772597477.0,92.0
1568,1589772658738.0,92.0
1569,1589772720077.0,91.0
1570,1589772781169.0,92.0
1571,1589772842727.0,92.0
1572,1589772903832.0,92.0
1573,1589772964922.0,92.0
1574,1589773026760.0,92.0
1575,1589773087850.0,92.0
1576,1589773148971.0,92.0
1577,1589773210060.0,92.0
1578,1589773271150.0,92.0
1579,1589773332255.0,92.0
1580,1589773393314.0,92.0
1581,1589773454669.0,92.0
1582,1589773515805.0,92.0
1583,1589773576882.0,92.0
1584,1589773637987.0,92.0
1585,1589773699077.0,92.0
1586,1589773760307.0,92.0
1587,1589773821381.0,92.0
1588,1589773882486.0,92.0
1589,1589773943576.0,92.0
1590,1589774004652.0,92.0
1591,1589774066007.0,92.0
1592,1589774127143.0,92.0
1593,1589774188217.0,92.0
1594,1589774249245.0,92.0
1595,1589774310724.0,92.0
1596,1589774372001.0,92.0
1597,1589774433044.0,92.0
1598,1589774494072.0,92.0
1599,1589774555726.0,92.0
1600,1589774616801.0,92.0
1601,1589774677875.0,92.0
1602,1589774739136.0,93.0
1603,1589774800710.0,93.0
1604,1589774861799.0,93.0
1605,1589774922873.0,93.0
1606,1589774984119.0,93.0
1607,1589775045193.0,93.0
1608,1589775106767.0,93.0
1609,1589775168106.0,93.0
1610,1589775229164.0,93.0
1611,1589775290239.0,93.0
1612,1589775351297.0,93.0
1613,1589775412387.0,93.0
1614,1589775473712.0,93.0
1615,1589775534787.0,93.0
1616,1589775595907.0,93.0
1617,1589775656982.0,93.0
1618,1589775718071.0,93.0
1619,1589775779301.0,93.0
1620,1589775840438.0,93.0
1621,1589775901528.0,93.0
1622,1589775962648.0,93.0
1623,1589776023707.0,93.0
1624,1589776084797.0,93.0
1625,1589776146027.0,93.0
1626,1589776207101.0,93.0
1627,1589776268206.0,93.0
1628,1589776329296.0,93.0
1629,1589776390433.0,93.0
1630,1589776451510.0,93.0
1631,1589776512584.0,93.0
1632,1589776573892.0,93.0
1633,1589776634997.0,93.0
1634,1589776696071.0,93.0
1635,1589776757145.0,93.0
1636,1589776818719.0,93.0
1637,1589776879795.0,93.0
1638,1589776941025.0,93.0
1639,1589777002099.0,93.0
1640,1589777063126.0,93.0
1641,1589777124124.0,93.0
1642,1589777185370.0,93.0
1643,1589777246413.0,93.0
1644,1589777307503.0,93.0
1645,1589777368577.0,94.0
1646,1589777429635.0,94.0
1647,1589777490678.0,94.0
1648,1589777551924.0,94.0
1649,1589777612998.0,94.0
1650,1589777674057.0,94.0
1651,1589777735146.0,94.0
1652,1589777796205.0,94.0
1653,1589777857435.0,94.0
1654,1589777918478.0,94.0
1655,1589777979552.0,94.0
1656,1589778040657.0,94.0
1657,1589778101731.0,94.0
1658,1589778163072.0,94.0
1659,1589778224147.0,94.0
1660,1589778285721.0,94.0
1661,1589778346968.0,94.0
1662,1589778408026.0,94.0
1663,1589778469132.0,94.0
1664,1589778530237.0,94.0
1665,1589778591327.0,94.0
1666,1589778652666.0,94.0
1667,1589778713756.0,94.0
1668,1589778774814.0,94.0
1669,1589778836091.0,94.0
1670,1589778897165.0,94.0
1671,1589778958286.0,94.0
1672,1589779019376.0,94.0
1673,1589779080434.0,95.0
1674,1589779141493.0,95.0
1675,1589779202738.0,95.0
1676,1589779263844.0,94.0
1677,1589779324935.0,94.0
1678,1589779385994.0,94.0
1679,1589779447068.0,94.0
1680,1589779508314.0,94.0
1681,1589779569357.0,94.0
1682,1589779630602.0,94.0
1683,1589779691693.0,94.0
1684,1589779752767.0,94.0
1685,1589779813826.0,94.0
1686,1589779874900.0,94.0
1687,1589779936224.0,94.0
1688,1589779997300.0,94.0
1689,1589780058374.0,94.0
1690,1589780119401.0,94.0
1691,1589780180475.0,94.0
1692,1589780241721.0,94.0
1693,1589780302719.0,94.0
1694,1589780363855.0,94.0
1695,1589780424883.0,94.0
1696,1589780485910.0,94.0
1697,1589780547234.0,94.0
1698,1589780608370.0,94.0
1699,1589780669569.0,94.0
1700,1589780730628.0,94.0
1701,1589780791671.0,94.0
1702,1589780853103.0,94.0
1703,1589780914162.0,94.0
1704,1589780975735.0,94.0
1705,1589781036950.0,94.0
1706,1589781098024.0,94.0
1707,1589781159335.0,94.0
1708,1589781220395.0,94.0
1709,1589781281516.0,94.0
1710,1589781342793.0,94.0
1711,1589781403852.0,94.0
1712,1589781465098.0,94.0
1713,1589781526140.0,94.0
1714,1589781587183.0,94.0
1715,1589781648837.0,94.0
1716,1589781709912.0,94.0
1717,1589781771204.0,94.0
1718,1589781832732.0,94.0
1719,1589781893806.0,94.0
1720,1589781954912.0,94.0
1721,1589782015971.0,94.0
1722,1589782077716.0,94.0
1723,1589782138790.0,94.0
1724,1589782199848.0,94.0
1725,1589782260922.0,94.0
1726,1589782321998.0,95.0
1727,1589782383044.0,95.0
1728,1589782444103.0,95.0
1729,1589782505395.0,95.0
1730,1589782566610.0,95.0
1731,1589782627700.0,95.0
1732,1589782688758.0,95.0
1733,1589782749801.0,95.0
1734,1589782810875.0,95.0
1735,1589782872169.0,95.0
1736,1589782933212.0,95.0
1737,1589782994270.0,95.0
1738,1589783055329.0,95.0
1739,1589783116387.0,95.0
1740,1589783177695.0,95.0
1741,1589783238754.0,95.0
1742,1589783299798.0,95.0
1743,1589783360872.0,95.0
1744,1589783421883.0,95.0
1745,1589783483051.0,95.0
1746,1589783544297.0,95.0
1747,1589783605325.0,95.0
1748,1589783666352.0,95.0
1749,1589783727411.0,95.0
1750,1589783788501.0,95.0
1751,1589783849512.0,95.0
1752,1589783910742.0,95.0
1753,1589783971785.0,95.0
1754,1589784032813.0,95.0
1755,1589784093902.0,95.0
1756,1589784154961.0,95.0
1757,1589784216004.0,95.0
1758,1589784277376.0,95.0
1759,1589784338450.0,95.0
1760,1589784399525.0,95.0
1761,1589784460583.0,95.0
1762,1589784521657.0,95.0
1763,1589784582716.0,95.0
1764,1589784643946.0,95.0
1765,1589784705722.0,95.0
1766,1589784766796.0,95.0
1767,1589784827870.0,95.0
1768,1589784888913.0,95.0
1769,1589784950018.0,95.0
1770,1589785011264.0,95.0
1771,1589785072338.0,95.0
1772,1589785133397.0,95.0
1773,1589785194442.0,95.0
1774,1589785255500.0,95.0
1775,1589785316716.0,95.0
1776,1589785377775.0,95.0
1777,1589785438865.0,95.0
1778,1589785499923.0,95.0
1779,1589785560982.0,95.0
1780,1589785622089.0,95.0
1781,1589785683149.0,95.0
1782,1589785744457.0,95.0
1783,1589785805515.0,96.0
1784,1589785866605.0,95.0
1785,1589785927663.0,95.0
1786,1589785988706.0,96.0
1787,1589786049765.0,96.0
1788,1589786110792.0,96.0
1789,1589786172101.0,95.0
1790,1589786233175.0,95.0
1791,1589786294717.0,95.0
1792,1589786355916.0,96.0
1793,1589786417146.0,96.0
1794,1589786478423.0,96.0
1795,1589786539497.0,96.0
1796,1589786600572.0,96.0
1797,1589786661661.0,96.0
1798,1589786722720.0,96.0
1799,1589786784012.0,96.0
1800,1589786845211.0,96.0
1801,1589786906332.0,96.0
1802,1589786967328.0,96.0
1803,1589787028324.0,96.0
1804,1589787089367.0,96.0
1805,1589787150584.0,96.0
1806,1589787211581.0,96.0
1807,1589787272624.0,96.0
1808,1589787333916.0,96.0
1809,1589787394944.0,96.0
1810,1589787456002.0,96.0
1811,1589787517061.0,96.0
1812,1589787578104.0,96.0
1813,1589787639178.0,96.0
1814,1589787700221.0,96.0
1815,1589787761482.0,96.0
1816,1589787822587.0,96.0
1817,1589787883614.0,96.0
1818,1589787944782.0,96.0
1819,1589788005825.0,96.0
1820,1589788066871.0,96.0
1821,1589788128085.0,96.0
1822,1589788189191.0,96.0
1823,1589788250748.0,96.0
1824,1589788311778.0,96.0
1825,1589788372836.0,96.0
1826,1589788434441.0,96.0
1827,1589788495515.0,96.0
1828,1589788557104.0,96.0
1829,1589788618100.0,100.0
1830,1589788679112.0,99.0
1831,1589788740295.0,99.0
1832,1589788801338.0,99.0
1833,1589788862396.0,99.0
1834,1589788923408.0,99.0
1835,1589788984422.0,99.0
1836,1589789045622.0,99.0
1837,1589789106618.0,99.0
1838,1589789167723.0,99.0
1839,1589789228688.0,99.0
1840,1589789289669.0,99.0
1841,1589789350665.0,99.0
1842,1589789411926.0,99.0
1843,1589789473125.0,99.0
1844,1589789534121.0,99.0
1845,1589789595120.0,99.0
1846,1589789656132.0,99.0
1847,1589789717299.0,99.0
1848,1589789778452.0,99.0
1849,1589789839494.0,99.0
1850,1589789900787.0,99.0
1851,1589789961830.0,99.0
1852,1589790022936.0,99.0
1853,1589790083932.0,99.0
1854,1589790145038.0,99.0
1855,1589790206299.0,99.0
1856,1589790267295.0,99.0
1857,1589790328369.0,99.0
1858,1589790389396.0,99.0
1859,1589790450393.0,99.0
1860,1589790511701.0,99.0
1861,1589790572744.0,99.0
1862,1589790633771.0,99.0
1863,1589790694783.0,99.0
1864,1589790755779.0,99.0
1865,1589790816963.0,99.0
1866,1589790878318.0,99.0
1867,1589790939314.0,99.0
1868,1589791000314.0,99.0
1869,1589791061357.0,99.0
1870,1589791122556.0,99.0
1871,1589791183646.0,99.0
1872,1589791244908.0,98.0
1873,1589791305888.0,99.0
1874,1589791366885.0,99.0
1875,1589791428006.0,99.0
1876,1589791489004.0,99.0
1877,1589791550015.0,99.0
1878,1589791611292.0,99.0
1879,1589791672366.0,99.0
1880,1589791733425.0,99.0
1881,1589791794733.0,99.0
1882,1589791855729.0,99.0
1883,1589791916742.0,98.0
1884,1589791977769.0,98.0
1885,1589792038765.0,98.0
1886,1589792100042.0,98.0
1887,1589792161132.0,98.0
1888,1589792222097.0,98.0
1889,1589792283264.0,98.0
1890,1589792344276.0,98.0
1891,1589792405288.0,98.0
1892,1589792466502.0,98.0
1893,1589792527484.0,98.0
1894,1589792588528.0,98.0
1895,1589792649539.0,98.0
1896,1589792710551.0,98.0
1897,1589792771563.0,98.0
1898,1589792832559.0,98.0
1899,1589792893697.0,98.0
1900,1589792954943.0,98.0
1901,1589793015939.0,98.0
1902,1589793076935.0,98.0
1903,1589793138009.0,98.0
1904,1589793199037.0,98.0
1905,1589793260282.0,98.0
1906,1589793321420.0,98.0
1907,1589793382416.0,98.0
1908,1589793443443.0,98.0
1909,1589793504408.0,98.0
1910,1589793565404.0,98.0
1911,1589793626713.0,98.0
1912,1589793687818.0,98.0
1913,1589793748845.0,98.0
1914,1589793809841.0,98.0
1915,1589793870855.0,98.0
1916,1589793932116.0,98.0
1917,1589793993081.0,98.0
1918,1589794054717.0,98.0
1919,1589794115713.0,98.0
1920,1589794176740.0,98.0
1921,1589794237908.0,98.0
1922,1589794298936.0,98.0
1923,1589794359917.0,98.0
1924,1589794420930.0,98.0
1925,1589794482004.0,98.0
1926,1589794543281.0,98.0
1927,1589794605041.0,98.0
1928,1589794666037.0,98.0
1929,1589794727049.0,98.0
1930,1589794788078.0,98.0
1931,1589794849246.0,98.0
1932,1589794910741.0,98.0
1933,1589794971831.0,98.0
1934,1589795032843.0,98.0
1935,1589795093854.0,98.0
1936,1589795155038.0,98.0
1937,1589795216205.0,98.0
1938,1589795277716.0,98.0
1939,1589795338728.0,98.0
1940,1589795399724.0,98.0
1941,1589795460923.0,98.0
1942,1589795522153.0,98.0
1943,1589795583180.0,98.0
1944,1589795644223.0,98.0
1945,1589795705752.0,98.0
1946,1589795766952.0,98.0
1947,1589795828322.0,98.0
1948,1589795889350.0,98.0
1949,1589795950348.0,98.0
1950,1589796011359.0,98.0
1951,1589796072590.0,98.0
1952,1589796133680.0,98.0
1953,1589796194724.0,98.0
1954,1589796255736.0,98.0
1955,1589796316716.0,98.0
1956,1589796377728.0,98.0
1957,1589796438896.0,98.0
1958,1589796499939.0,98.0
1959,1589796561137.0,98.0
1960,1589796622196.0,98.0
1961,1589796683209.0,98.0
1962,1589796744705.0,98.0
1963,1589796805678.0,98.0
1964,1589796866900.0,98.0
1965,1589796928095.0,98.0
1966,1589796989148.0,98.0
1967,1589797050143.0,98.0
1968,1589797111151.0,98.0
1969,1589797172694.0,98.0
1970,1589797233682.0,98.0
1971,1589797294639.0,98.0
1972,1589797355643.0,98.0
1973,1589797416646.0,98.0
1974,1589797477785.0,98.0
1975,1589797539029.0,98.0
1976,1589797600039.0,98.0
1977,1589797661039.0,98.0
1978,1589797722071.0,98.0
1979,1589797783365.0,98.0
1980,1589797844408.0,98.0
1981,1589797905432.0,98.0
1982,1589797966433.0,98.0
1983,1589798027600.0,98.0
1984,1589798088894.0,98.0
1985,1589798149935.0,98.0
1986,1589798210935.0,98.0
1987,1589798271956.0,98.0
1988,1589798333154.0,98.0
1989,1589798394146.0,98.0
1990,1589798455369.0,98.0
1991,1589798516368.0,98.0
1992,1589798577476.0,98.0
1993,1589798638644.0,98.0
1994,1589798699658.0,98.0
1995,1589798760885.0,98.0
1996,1589798821879.0,98.0
1997,1589798883014.0,98.0
1998,1589798944190.0,98.0
1999,1589799005636.0,98.0
2000,1589799066708.0,98.0
2001,1589799127727.0,98.0
2002,1589799188726.0,98.0
2003,1589799250016.0,98.0
2004,1589799310996.0,98.0
2005,1589799372012.0,98.0
2006,1589799433066.0,98.0
2007,1589799494148.0,98.0
2008,1589799555468.0,98.0
2009,1589799616456.0,98.0
2010,1589799677453.0,98.0
2011,1589799738465.0,98.0
2012,1589799799547.0,98.0
2013,1589799860532.0,98.0
2014,1589799921748.0,98.0
2015,1589799982770.0,98.0
2016,1589800043775.0,98.0
2017,1589800104912.0,98.0
2018,1589800166035.0,98.0
2019,1589800227208.0,98.0
2020,1589800288211.0,98.0
2021,1589800349834.0,97.0
2022,1589800410853.0,97.0
2023,1589800471847.0,98.0
2024,1589800533038.0,98.0
2025,1589800594682.0,98.0
2026,1589800655719.0,97.0
2027,1589800716761.0,97.0
2028,1589800777762.0,97.0
2029,1589800838906.0,97.0
2030,1589800900064.0,98.0
2031,1589800961046.0,98.0
2032,1589801022111.0,97.0
2033,1589801083186.0,97.0
2034,1589801144711.0,97.0
2035,1589801205952.0,97.0
2036,1589801267006.0,97.0
2037,1589801328018.0,97.0
2038,1589801389014.0,97.0
2039,1589801450027.0,97.0
2040,1589801511026.0,97.0
2041,1589801572685.0,97.0
2042,1589801633870.0,97.0
2043,1589801694888.0,97.0
2044,1589801755898.0,97.0
2045,1589801816963.0,97.0
2046,1589801878221.0,97.0
2047,1589801939409.0,97.0
2048,1589802000410.0,97.0
2049,1589802061456.0,97.0
2050,1589802122477.0,97.0
2051,1589802183471.0,97.0
2052,1589802244661.0,97.0
2053,1589802305924.0,97.0
2054,1589802366938.0,97.0
2055,1589802427943.0,97.0
2056,1589802488959.0,97.0
2057,1589802549973.0,97.0
2058,1589802611291.0,97.0
2059,1589802672284.0,97.0
2060,1589802733481.0,97.0
2061,1589802794479.0,97.0
2062,1589802855494.0,97.0
2063,1589802916544.0,97.0
2064,1589802977561.0,97.0
2065,1589803039733.0,97.0
2066,1589803100846.0,97.0
2067,1589803525274.0,97.0
2068,1589803586504.0,97.0
2069,1589803647521.0,97.0
2070,1589803708548.0,97.0
2071,1589803769561.0,96.0
2072,1589803830773.0,96.0
2073,1589803891790.0,96.0
2074,1589803952841.0,97.0
2075,1589804013921.0,96.0
2076,1589804075154.0,96.0
2077,1589804136166.0,96.0
2078,1589804197157.0,96.0
2079,1589804258180.0,96.0
2080,1589804319648.0,97.0
2081,1589804380914.0,96.0
2082,1589804442194.0,96.0
2083,1589804503665.0,96.0
2084,1589804564689.0,96.0
2085,1589804625684.0,96.0
2086,1589804686793.0,97.0
2087,1589804748009.0,97.0
2088,1589804809334.0,97.0
2089,1589804870348.0,97.0
2090,1589804931350.0,97.0
2091,1589804992404.0,97.0
2092,1589805053511.0,97.0
2093,1589805114679.0,96.0
2094,1589805175670.0,96.0
2095,1589805236899.0,96.0
2096,1589805297911.0,96.0
2097,1589805358942.0,96.0
2098,1589805420048.0,96.0
2099,1589805481072.0,96.0
2100,1589805542349.0,96.0
2101,1589805603311.0,96.0
2102,1589805664361.0,96.0
2103,1589805725355.0,96.0
2104,1589805786352.0,96.0
2105,1589805847575.0,96.0
2106,1589805908757.0,96.0
2107,1589805969798.0,96.0
2108,1589806030820.0,96.0
2109,1589806091986.0,96.0
2110,1589806153182.0,96.0
2111,1589806214750.0,96.0
2112,1589806275848.0,96.0
2113,1589806336882.0,96.0
2114,1589806397898.0,96.0
2115,1589806458946.0,96.0
2116,1589806520239.0,96.0
2117,1589806581441.0,96.0
2118,1589806642463.0,96.0
2119,1589806703507.0,96.0
2120,1589806764533.0,96.0
2121,1589806825910.0,96.0
2122,1589806887139.0,96.0
2123,1589806948178.0,96.0
2124,1589807009661.0,96.0
2125,1589807070715.0,96.0
2126,1589807131697.0,96.0
2127,1589807192868.0,96.0
2128,1589807254092.0,96.0
2129,1589807315117.0,96.0
2130,1589807376114.0,96.0
2131,1589807437151.0,96.0
2132,1589807498295.0,96.0
2133,1589807559738.0,96.0
2134,1589807620946.0,96.0
2135,1589807681963.0,96.0
2136,1589807743008.0,96.0
2137,1589807804055.0,96.0
2138,1589807865073.0,96.0
2139,1589807926280.0,96.0
2140,1589807987441.0,96.0
2141,1589808048470.0,96.0
2142,1589808109554.0,96.0
2143,1589808170593.0,96.0
2144,1589808231615.0,95.0
2145,1589808292817.0,95.0
2146,1589808414826.0,96.0
2147,1589808475874.0,96.0
2148,1589808536848.0,96.0
2149,1589808598071.0,96.0
2150,1589808659067.0,96.0
2151,1589808720344.0,96.0
2152,1589808781488.0,96.0
2153,1589808842485.0,96.0
2154,1589808903506.0,96.0
2155,1589808964530.0,96.0
2156,1589809025751.0,96.0
2157,1589809088538.0,96.0
2158,1589809149615.0,96.0
2159,1589809210643.0,96.0
2160,1589809271933.0,96.0
2161,1589809333073.0,96.0
2162,1589809394119.0,96.0
2163,1589809455138.0,96.0
2164,1589809516153.0,96.0
2165,1589809577309.0,96.0
2166,1589809638499.0,95.0
2167,1589809699514.0,95.0
2168,1589809760547.0,95.0
2169,1589809821622.0,95.0
2170,1589809882640.0,95.0
2171,1589809944712.0,95.0
2172,1589810006411.0,95.0
2173,1589810067437.0,95.0
2174,1589810128456.0,95.0
2175,1589810189504.0,95.0
2176,1589810250708.0,95.0
2177,1589810311750.0,95.0
2178,1589810372806.0,95.0
2179,1589810433849.0,95.0
2180,1589810494904.0,95.0
2181,1589810556106.0,95.0
2182,1589810617130.0,95.0
2183,1589810678152.0,95.0
2184,1589810739166.0,95.0
2185,1589810800374.0,95.0
2186,1589810861387.0,95.0
2187,1589810922405.0,95.0
2188,1589810983432.0,95.0
2189,1589811044468.0,95.0
2190,1589811105652.0,95.0
2191,1589811166815.0,95.0
2192,1589811227831.0,95.0
2193,1589811288853.0,95.0
2194,1589811350028.0,95.0
2195,1589811411126.0,95.0
2196,1589811472152.0,95.0
2197,1589811533149.0,95.0
2198,1589811594351.0,95.0
2199,1589811655397.0,95.0
2200,1589811716504.0,95.0
2201,1589811777537.0,95.0
2202,1589811838610.0,95.0
2203,1589811899629.0,95.0
2204,1589811960669.0,95.0
2205,1589812021974.0,95.0
2206,1589812083191.0,95.0
2207,1589812144244.0,95.0
2208,1589812205276.0,95.0
2209,1589812266298.0,95.0
2210,1589812327337.0,95.0
2211,1589812388575.0,95.0
2212,1589812449613.0,95.0
2213,1589812510626.0,95.0
2214,1589812571750.0,95.0
2215,1589812632771.0,95.0
2216,1589812693995.0,95.0
2217,1589812755081.0,95.0
2218,1589812816122.0,95.0
2219,1589812877241.0,95.0
2220,1589812938261.0,95.0
2221,1589812999604.0,95.0
2222,1589813060624.0,95.0
2223,1589813121671.0,95.0
2224,1589813182699.0,95.0
2225,1589813243716.0,95.0
2226,1589813304929.0,95.0
2227,1589813366170.0,95.0
2228,1589813427200.0,95.0
2229,1589813488682.0,95.0
2230,1589813549724.0,95.0
2231,1589813610760.0,95.0
2232,1589813672081.0,95.0
2233,1589813733342.0,95.0
2234,1589813794360.0,94.0
2235,1589813855393.0,94.0
2236,1589813916433.0,95.0
2237,1589813977457.0,95.0
2238,1589814038683.0,95.0
2239,1589814099729.0,95.0
2240,1589814160719.0,95.0
2241,1589814221694.0,95.0
2242,1589814283011.0,95.0
2243,1589814344021.0,95.0
2244,1589814405194.0,95.0
2245,1589814466258.0,95.0
2246,1589814527300.0,95.0
2247,1589814588319.0,95.0
2248,1589814649491.0,95.0
2249,1589814710714.0,95.0
2250,1589814771799.0,95.0
2251,1589814832820.0,95.0
2252,1589814893860.0,95.0
2253,1589814954999.0,95.0
2254,1589815016385.0,95.0
2255,1589815077499.0,95.0
2256,1589815138609.0,95.0
2257,1589815199632.0,95.0
2258,1589815260677.0,95.0
2259,1589815321880.0,95.0
2260,1589815383080.0,95.0
2261,1589815444123.0,95.0
2262,1589815505153.0,95.0
2263,1589815566166.0,95.0
2264,1589815627189.0,95.0
2265,1589815688443.0,95.0
2266,1589815750005.0,95.0
2267,1589815811052.0,95.0
2268,1589815872065.0,95.0
2269,1589815933091.0,95.0
2270,1589815994119.0,95.0
2271,1589816055340.0,95.0
2272,1589816116551.0,95.0
2273,1589816177588.0,95.0
2274,1589816238639.0,95.0
2275,1589816299667.0,95.0
2276,1589816360739.0,95.0
2277,1589816421776.0,95.0
2278,1589816482930.0,95.0
2279,1589816544138.0,95.0
2280,1589816605711.0,95.0
2281,1589816666747.0,95.0
2282,1589816727791.0,95.0
2283,1589816788840.0,95.0
2284,1589816850160.0,95.0
2285,1589816911423.0,95.0
2286,1589816972469.0,95.0
2287,1589817033492.0,95.0
2288,1589817094542.0,95.0
2289,1589817155748.0,95.0
2290,1589817216790.0,95.0
2291,1589817278064.0,95.0
2292,1589817339049.0,95.0
2293,1589817400030.0,95.0
2294,1589817461268.0,95.0
2295,1589817522280.0,95.0
2296,1589817583276.0,95.0
2297,1589817644470.0,95.0
2298,1589817705490.0,95.0
2299,1589817766510.0,95.0
2300,1589817827716.0,95.0
2301,1589817888746.0,95.0
2302,1589817950033.0,95.0
2303,1589818011051.0,95.0
2304,1589818072096.0,95.0
2305,1589818133151.0,95.0
2306,1589818194198.0,95.0
2307,1589818255697.0,95.0
2308,1589818316723.0,94.0
2309,1589818377740.0,94.0
2310,1589818439027.0,95.0
2311,1589818500054.0,95.0
2312,1589818561091.0,95.0
2313,1589818622119.0,95.0
2314,1589818683165.0,95.0
2315,1589818744365.0,95.0
2316,1589818805474.0,95.0
2317,1589818866497.0,95.0
2318,1589818927522.0,95.0
2319,1589818988814.0,95.0
2320,1589819050133.0,95.0
2321,1589819111173.0,95.0
2322,1589819172226.0,95.0
2323,1589819233249.0,95.0
2324,1589819294299.0,95.0
2325,1589819355521.0,95.0
2326,1589819416828.0,95.0
2327,1589819477864.0,95.0
2328,1589819538919.0,95.0
2329,1589819599941.0,95.0
2330,1589819661133.0,95.0
2331,1589819722219.0,95.0
2332,1589819783259.0,95.0
2333,1589819844434.0,95.0
2334,1589819905487.0,95.0
2335,1589819966537.0,95.0
2336,1589820027823.0,95.0
2337,1589820089066.0,95.0
2338,1589820150102.0,95.0
2339,1589820211192.0,95.0
2340,1589820272693.0,94.0
2341,1589820333701.0,95.0
2342,1589820394885.0,95.0
2343,1589820455906.0,95.0
2344,1589820516981.0,95.0
2345,1589820578263.0,95.0
2346,1589820639343.0,95.0
2347,1589820700390.0,95.0
2348,1589820761594.0,95.0
2349,1589820822640.0,95.0
2350,1589820883688.0,94.0
2351,1589820944718.0,94.0
2352,1589821005855.0,94.0
2353,1589821067198.0,94.0
2354,1589821128688.0,94.0
2355,1589821189762.0,94.0
2356,1589821250867.0,94.0
2357,1589821311890.0,94.0
2358,1589821372932.0,94.0
2359,1589821433968.0,95.0
2360,1589821495251.0,95.0
2361,1589821556446.0,95.0
2362,1589821617493.0,95.0
2363,1589821678588.0,95.0
2364,1589821739619.0,95.0
2365,1589821800677.0,95.0
2366,1589821861898.0,95.0
2367,1589821922927.0,95.0
2368,1589821984128.0,95.0
2369,1589822045170.0,95.0
2370,1589822106195.0,95.0
2371,1589822167883.0,95.0
2372,1589822228899.0,95.0
2373,1589822290002.0,95.0
2374,1589822351032.0,95.0
2375,1589822412079.0,95.0
2376,1589822473126.0,95.0
2377,1589822534416.0,95.0
2378,1589822595460.0,95.0
2379,1589822656732.0,95.0
2380,1589822717774.0,95.0
2381,1589822778822.0,95.0
2382,1589822839954.0,95.0
2383,1589822901014.0,95.0
2384,1589822962309.0,95.0
2385,1589823023355.0,95.0
2386,1589823084402.0,95.0
2387,1589823145643.0,95.0
2388,1589823206680.0,95.0
2389,1589823267764.0,95.0
2390,1589823328971.0,95.0
2391,1589823389948.0,95.0
2392,1589823450981.0,94.0
2393,1589823512024.0,94.0
2394,1589823573040.0,94.0
2395,1589823634089.0,94.0
2396,1589823695455.0,95.0
2397,1589823756467.0,95.0
2398,1589823817511.0,95.0
2399,1589823878528.0,95.0
2400,1589823940068.0,95.0
2401,1589824001171.0,95.0
2402,1589824062673.0,95.0
2403,1589824123751.0,95.0
2404,1589824184812.0,95.0
2405,1589824246096.0,95.0
2406,1589824307117.0,95.0
2407,1589824368161.0,95.0
2408,1589824429215.0,95.0
2409,1589824490714.0,95.0
2410,1589824551769.0,95.0
2411,1589824612970.0,94.0
2412,1589824673995.0,94.0
2413,1589824735038.0,94.0
2414,1589824796078.0,94.0
2415,1589824857557.0,95.0
2416,1589824918581.0,95.0
2417,1589824979802.0,94.0
2418,1589825040955.0,94.0
2419,1589825101992.0,94.0
2420,1589825163038.0,95.0
2421,1589825224683.0,95.0
2422,1589825285986.0,95.0
2423,1589825347038.0,95.0
2424,1589825408156.0,95.0
2425,1589825469196.0,95.0
2426,1589825530703.0,95.0
2427,1589825591928.0,94.0
2428,1589825652946.0,94.0
2429,1589825713975.0,94.0
2430,1589825775021.0,94.0
2431,1589825836031.0,94.0
2432,1589825897323.0,94.0
2433,1589825958534.0,94.0
2434,1589826019549.0,94.0
2435,1589826080593.0,94.0
2436,1589826141646.0,94.0
2437,1589826202937.0,94.0
2438,1589826263991.0,94.0
2439,1589826325261.0,94.0
2440,1589826386704.0,94.0
2441,1589826447751.0,94.0
2442,1589826508747.0,94.0
2443,1589826569743.0,94.0
2444,1589826630966.0,94.0
2445,1589826691962.0,94.0
2446,1589826753141.0,94.0
2447,1589826814194.0,94.0
2448,1589826875687.0,94.0
2449,1589826936916.0,94.0
2450,1589826997950.0,94.0
2451,1589827059028.0,94.0
2452,1589827120712.0,94.0
2453,1589827181750.0,94.0
2454,1589827242795.0,94.0
2455,1589827304216.0,94.0
2456,1589827365310.0,94.0
2457,1589827426558.0,94.0
2458,1589827487624.0,94.0
2459,1589827548670.0,94.0
2460,1589827609903.0,94.0
2461,1589827670954.0,94.0
2462,1589827732030.0,94.0
2463,1589827793081.0,94.0
2464,1589827854413.0,94.0
2465,1589827915458.0,94.0
2466,1589827976708.0,94.0
2467,1589828037743.0,94.0
2468,1589828098791.0,94.0
2469,1589828160043.0,94.0
2470,1589828221094.0,94.0
2471,1589828282139.0,94.0
2472,1589828343173.0,94.0
2473,1589828404284.0,94.0
2474,1589828465604.0,94.0
2475,1589828526645.0,94.0
2476,1589828587692.0,94.0
2477,1589828648745.0,94.0
2478,1589828709791.0,94.0
2479,1589828771028.0,94.0
2480,1589828832708.0,94.0
2481,1589828893761.0,94.0
2482,1589828954814.0,94.0
2483,1589829015852.0,94.0
2484,1589829076902.0,94.0
2485,1589829138232.0,94.0
2486,1589829199344.0,94.0
2487,1589829260409.0,94.0
2488,1589829321469.0,94.0
2489,1589829382527.0,94.0
2490,1589829443928.0,94.0
2491,1589829504979.0,94.0
2492,1589829565969.0,94.0
2493,1589829626991.0,94.0
2494,1589829687983.0,94.0
2495,1589829749181.0,94.0
2496,1589829810222.0,94.0
2497,1589829871696.0,94.0
2498,1589829932694.0,94.0
2499,1589829993803.0,94.0
2500,1589830055034.0,94.0
2501,1589830116054.0,94.0
2502,1589830177093.0,94.0
2503,1589830238146.0,94.0
2504,1589830299252.0,94.0
2505,1589830360483.0,94.0
2506,1589830421533.0,94.0
2507,1589830482588.0,94.0
2508,1589830543632.0,94.0
2509,1589830604756.0,94.0
2510,1589830665973.0,94.0
2511,1589830727029.0,94.0
2512,1589830788074.0,94.0
2513,1589830849131.0,94.0
2514,1589830910361.0,94.0
2515,1589830971412.0,94.0
2516,1589831032670.0,94.0
2517,1589831093714.0,94.0
2518,1589831154768.0,94.0
2519,1589831215820.0,94.0
2520,1589831277043.0,94.0
2521,1589831338301.0,94.0
2522,1589831399354.0,94.0
2523,1589831460404.0,93.0
2524,1589831521483.0,94.0
2525,1589831582720.0,93.0
2526,1589831643764.0,93.0
2527,1589831704820.0,93.0
2528,1589831765895.0,94.0
2529,1589831826939.0,94.0
2530,1589831887990.0,94.0
2531,1589831949688.0,94.0
2532,1589832010749.0,94.0
2533,1589832072077.0,94.0
2534,1589832133125.0,94.0
2535,1589832194169.0,94.0
2536,1589832255685.0,94.0
2537,1589832316937.0,94.0
2538,1589832377985.0,94.0
2539,1589832439109.0,94.0
2540,1589832500093.0,94.0
2541,1589832561073.0,94.0
2542,1589832622128.0,94.0
2543,1589832683334.0,94.0
2544,1589832744337.0,94.0
2545,1589832805419.0,94.0
2546,1589832866468.0,94.0
2547,1589832927496.0,94.0
2548,1589832988783.0,94.0
2549,1589833049832.0,94.0
2550,1589833110861.0,94.0
2551,1589833172087.0,94.0
2552,1589833233135.0,94.0
2553,1589833294164.0,94.0
2554,1589833355719.0,94.0
2555,1589833416954.0,94.0
2556,1589833478203.0,94.0
2557,1589833539733.0,94.0
2558,1589833600786.0,94.0
2559,1589833661829.0,94.0
2560,1589833722913.0,94.0
2561,1589833783967.0,94.0
2562,1589833845012.0,94.0
2563,1589833906223.0,94.0
2564,1589833967280.0,94.0
2565,1589834028318.0,94.0
2566,1589834089364.0,94.0
2567,1589834150418.0,94.0
2568,1589834211670.0,94.0
2569,1589834272727.0,94.0
2570,1589834334045.0,93.0
2571,1589834395095.0,93.0
2572,1589834456133.0,93.0
2573,1589834517172.0,94.0
2574,1589834578697.0,94.0
2575,1589834640233.0,93.0
2576,1589834701286.0,93.0
2577,1589834762885.0,93.0
2578,1589834823928.0,93.0
2579,1589834884992.0,93.0
2580,1589834946044.0,93.0
2581,1589835007718.0,93.0
2582,1589835068780.0,94.0
2583,1589835130012.0,94.0
2584,1589835191053.0,93.0
2585,1589835252100.0,93.0
2586,1589835313353.0,93.0
2587,1589835374318.0,93.0
2588,1589835435536.0,93.0
2589,1589835496547.0,93.0
2590,1589835557566.0,93.0
2591,1589835618777.0,93.0
2592,1589835679795.0,93.0
2593,1589835740838.0,93.0
2594,1589835801892.0,93.0
2595,1589835862933.0,93.0
2596,1589835924315.0,93.0
2597,1589835985369.0,93.0
2598,1589836046578.0,93.0
2599,1589836107625.0,93.0
2600,1589836168668.0,93.0
2601,1589836229810.0,93.0
2602,1589836290885.0,93.0
2603,1589836352210.0,93.0
2604,1589836413279.0,93.0
2605,1589836474305.0,93.0
2606,1589836535355.0,93.0
2607,1589836596474.0,93.0
2608,1589836657522.0,93.0
2609,1589836718569.0,93.0
2610,1589836779830.0,93.0
2611,1589836840863.0,93.0
2612,1589836901920.0,93.0
2613,1589836963182.0,93.0
2614,1589837024681.0,93.0
2615,1589837086012.0,93.0
2616,1589837147060.0,93.0
2617,1589837208112.0,93.0
2618,1589837269161.0,93.0
2619,1589837330213.0,93.0
2620,1589837391433.0,93.0
2621,1589837452725.0,93.0
2622,1589837513810.0,93.0
2623,1589837574921.0,93.0
2624,1589837636010.0,93.0
2625,1589837697133.0,93.0
2626,1589837758165.0,93.0
2627,1589837819215.0,93.0
2628,1589837880282.0,93.0
2629,1589837941319.0,93.0
2630,1589838002662.0,93.0
2631,1589838063899.0,93.0
2632,1589838124963.0,93.0
2633,1589838186018.0,93.0
2634,1589838247065.0,93.0
2635,1589838308178.0,93.0
2636,1589838369379.0,94.0
2637,1589838430428.0,94.0
2638,1589838491489.0,94.0
2639,1589838552523.0,94.0
2640,1589838613645.0,94.0
2641,1589838674904.0,94.0
2642,1589838735943.0,93.0
2643,1589838797001.0,93.0
2644,1589838858023.0,93.0
2645,1589838919074.0,93.0
2646,1589838980415.0,93.0
2647,1589839041531.0,93.0
2648,1589839102575.0,93.0
2649,1589839163628.0,93.0
2650,1589839224674.0,93.0
2651,1589839285724.0,93.0
2652,1589839347058.0,93.0
2653,1589839408185.0,93.0
2654,1589839469682.0,93.0
2655,1589839530739.0,93.0
2656,1589839591812.0,93.0
2657,1589839653136.0,93.0
2658,1589839714199.0,93.0
2659,1589839775782.0,93.0
2660,1589839836850.0,93.0
2661,1589839897966.0,93.0
2662,1589839959018.0,93.0
2663,1589840020070.0,93.0
2664,1589840081325.0,93.0
2665,1589840142460.0,93.0
2666,1589840203513.0,93.0
2667,1589840264573.0,93.0
2668,1589840325625.0,93.0
2669,1589840386694.0,93.0
2670,1589840448025.0,93.0
2671,1589840509072.0,93.0
2672,1589840570201.0,93.0
2673,1589840631711.0,93.0
2674,1589840692773.0,93.0
2675,1589840754104.0,93.0
2676,1589840815182.0,93.0
2677,1589840876718.0,93.0
2678,1589840937775.0,93.0
2679,1589840998848.0,93.0
2680,1589841059904.0,93.0
2681,1589841120954.0,93.0
2682,1589841181969.0,93.0
2683,1589841243024.0,93.0
2684,1589841304280.0,93.0
2685,1589841365357.0,93.0
2686,1589841426432.0,93.0
2687,1589841487483.0,93.0
2688,1589841548517.0,93.0
2689,1589841609586.0,93.0
2690,1589841670816.0,93.0
2691,1589841731926.0,93.0
2692,1589841793000.0,93.0
2693,1589841854063.0,93.0
2694,1589841915138.0,93.0
2695,1589841976375.0,93.0
2696,1589842037636.0,93.0
2697,1589842098703.0,93.0
2698,1589842159758.0,93.0
2699,1589842220809.0,93.0
2700,1589842281887.0,93.0
2701,1589842343126.0,93.0
2702,1589842404172.0,93.0
2703,1589842465764.0,93.0
2704,1589842526855.0,93.0
2705,1589842587915.0,93.0
2706,1589842649147.0,93.0
2707,1589842710277.0,93.0
2708,1589842771338.0,93.0
2709,1589842832391.0,93.0
2710,1589842893442.0,93.0
2711,1589842954515.0,93.0
2712,1589843015776.0,93.0
2713,1589843077036.0,93.0
2714,1589843138091.0,93.0
2715,1589843199163.0,93.0
2716,1589843260215.0,93.0
2717,1589843321277.0,93.0
2718,1589843382552.0,93.0
2719,1589843443812.0,93.0
2720,1589843504893.0,93.0
2721,1589843565973.0,93.0
2722,1589843627028.0,93.0
2723,1589843688083.0,93.0
2724,1589843749341.0,93.0
2725,1589843810459.0,93.0
2726,1589843871521.0,93.0
2727,1589843932601.0,93.0
2728,1589843993665.0,93.0
2729,1589844054732.0,93.0
2730,1589844115971.0,93.0
2731,1589844177169.0,93.0
2732,1589844238700.0,93.0
2733,1589844299748.0,93.0
2734,1589844360769.0,93.0
2735,1589844422031.0,93.0
2736,1589844483144.0,93.0
2737,1589844544184.0,93.0
2738,1589844605713.0,93.0
2739,1589844666759.0,93.0
2740,1589844728106.0,93.0
2741,1589844789701.0,93.0
2742,1589844850753.0,93.0
2743,1589844911810.0,93.0
2744,1589844972887.0,93.0
2745,1589845034695.0,93.0
2746,1589845095749.0,93.0
2747,1589845157090.0,93.0
2748,1589845218166.0,93.0
2749,1589845279224.0,93.0
2750,1589845340325.0,93.0
2751,1589845401383.0,93.0
2752,1589845462638.0,92.0
2753,1589845523704.0,92.0
2754,1589845584774.0,92.0
2755,1589845645851.0,92.0
2756,1589845706987.0,92.0
2757,1589845768694.0,92.0
2758,1589845829751.0,92.0
2759,1589845890824.0,92.0
2760,1589845951885.0,92.0
2761,1589846013161.0,92.0
2762,1589846074933.0,92.0
2763,1589846136019.0,92.0
2764,1589846197283.0,92.0
2765,1589846258357.0,92.0
2766,1589846319414.0,92.0
2767,1589846380692.0,92.0
2768,1589846441773.0,92.0
2769,1589846502896.0,92.0
2770,1589846563973.0,92.0
2771,1589846625047.0,92.0
2772,1589846686126.0,92.0
2773,1589846747479.0,92.0
2774,1589846808823.0,92.0
2775,1589846869906.0,92.0
2776,1589846930971.0,92.0
2777,1589846992031.0,92.0
2778,1589847053098.0,92.0
2779,1589847114349.0,92.0
2780,1589847175697.0,92.0
2781,1589847236785.0,92.0
2782,1589847297833.0,92.0
2783,1589847358909.0,92.0
2784,1589847420169.0,92.0
2785,1589847481218.0,92.0
2786,1589847542295.0,92.0
2787,1589847603358.0,93.0
2788,1589847664628.0,93.0
2789,1589847725697.0,93.0
2790,1589847786827.0,92.0
2791,1589847847915.0,92.0
2792,1589847908993.0,93.0
2793,1589847970077.0,93.0
2794,1589848031144.0,93.0
2795,1589848092410.0,92.0
2796,1589848153481.0,92.0
2797,1589848214601.0,92.0
2798,1589848275680.0,93.0
2799,1589848336742.0,93.0
2800,1589848397994.0,93.0
2801,1589848459061.0,93.0
2802,1589848520127.0,93.0
2803,1589848581174.0,93.0
2804,1589848642714.0,92.0
2805,1589848703988.0,92.0
2806,1589848765278.0,92.0
2807,1589848826338.0,92.0
2808,1589848887422.0,92.0
2809,1589848948492.0,92.0
2810,1589849009574.0,92.0
2811,1589849070825.0,92.0
2812,1589849131975.0,92.0
2813,1589849193048.0,92.0
2814,1589849254088.0,92.0
2815,1589849315121.0,92.0
2816,1589849376183.0,92.0
2817,1589849437991.0,92.0
2818,1589849498994.0,92.0
2819,1589849560134.0,92.0
2820,1589849621183.0,92.0
2821,1589849682314.0,92.0
2822,1589849743669.0,92.0
2823,1589849804727.0,92.0
2824,1589849865855.0,92.0
2825,1589849926943.0,93.0
2826,1589849988025.0,92.0
2827,1589850049106.0,92.0
2828,1589850110184.0,92.0
2829,1589850171946.0,92.0
2830,1589850233724.0,92.0
2831,1589850294804.0,92.0
2832,1589850355880.0,92.0
2833,1589850416947.0,92.0
2834,1589850478009.0,92.0
2835,1589850539364.0,92.0
2836,1589850600744.0,92.0
2837,1589850661821.0,92.0
2838,1589850722936.0,92.0
2839,1589850784010.0,92.0
2840,1589850845332.0,92.0
2841,1589850906620.0,92.0
2842,1589850967702.0,92.0
2843,1589851028780.0,92.0
2844,1589851089854.0,91.0
2845,1589851150939.0,91.0
2846,1589851212272.0,91.0
2847,1589851273333.0,91.0
2848,1589851334416.0,91.0
2849,1589851395556.0,91.0
2850,1589851456637.0,91.0
2851,1589851517718.0,91.0
2852,1589851579070.0,91.0
2853,1589851640160.0,91.0
2854,1589851701468.0,91.0
2855,1589851762555.0,91.0
2856,1589851823646.0,91.0
2857,1589851885004.0,91.0
2858,1589851946115.0,91.0
2859,1589852007203.0,91.0
2860,1589852068667.0,91.0
2861,1589852129660.0,91.0
2862,1589852191045.0,92.0
2863,1589852252170.0,91.0
2864,1589852313668.0,91.0
2865,1589852374733.0,91.0
2866,1589852435806.0,90.0
2867,1589852496883.0,90.0
2868,1589852558155.0,91.0
2869,1589852619296.0,91.0
2870,1589852680375.0,91.0
2871,1589852741456.0,90.0
2872,1589852802534.0,90.0
2873,1589852863614.0,90.0
2874,1589852924895.0,90.0
2875,1589852985977.0,90.0
2876,1589853047033.0,90.0
2877,1589853108172.0,90.0
2878,1589853169331.0,91.0
2879,1589853230697.0,91.0
2880,1589853291775.0,91.0
2881,1589853352858.0,91.0
2882,1589853413930.0,91.0
2883,1589853475175.0,91.0
2884,1589853536324.0,90.0
2885,1589853597406.0,90.0
2886,1589853658488.0,90.0
2887,1589853719574.0,91.0
2888,1589853780798.0,91.0
2889,1589853842073.0,91.0
2890,1589853903171.0,91.0
2891,1589853964732.0,91.0
2892,1589854025837.0,91.0
2893,1589854086944.0,91.0
2894,1589854148005.0,91.0
2895,1589854209091.0,91.0
2896,1589854270342.0,91.0
2897,1589854331425.0,91.0
2898,1589854392569.0,91.0
2899,1589854453653.0,91.0
2900,1589854514683.0,92.0
2901,1589854575702.0,92.0
2902,1589854636979.0,92.0
2903,1589854698021.0,92.0
2904,1589854759127.0,92.0
2905,1589854820218.0,92.0
2906,1589854881270.0,92.0
2907,1589854942314.0,92.0
2908,1589855003606.0,91.0
2909,1589855064680.0,91.0
2910,1589855125944.0,91.0
2911,1589855187031.0,92.0
2912,1589855248128.0,91.0
2913,1589855309427.0,91.0
2914,1589855370509.0,92.0
2915,1589855431606.0,91.0
2916,1589855492748.0,91.0
2917,1589855553835.0,91.0
2918,1589855614932.0,91.0
2919,1589855675999.0,91.0
2920,1589855737289.0,91.0
2921,1589855798386.0,91.0
2922,1589855859446.0,91.0
2923,1589855920558.0,91.0
2924,1589855981747.0,91.0
2925,1589856043041.0,91.0
2926,1589856104127.0,91.0
2927,1589856165205.0,91.0
2928,1589856226301.0,91.0
2929,1589856287458.0,91.0
2930,1589856348619.0,90.0
2931,1589856409705.0,90.0
2932,1589856470787.0,91.0
2933,1589856531861.0,91.0
2934,1589856592940.0,91.0
2935,1589856654210.0,91.0
2936,1589856715367.0,91.0
2937,1589856776454.0,91.0
2938,1589856837539.0,91.0
2939,1589856898614.0,92.0
2940,1589856959698.0,92.0
2941,1589857020853.0,92.0
2942,1589857081936.0,91.0
2943,1589857142994.0,91.0
2944,1589857204100.0,92.0
2945,1589857265179.0,92.0
2946,1589857326719.0,92.0
2947,1589857387755.0,92.0
2948,1589857448911.0,92.0
2949,1589857509989.0,92.0
2950,1589857571054.0,92.0
2951,1589857632173.0,92.0
2952,1589857693761.0,92.0
2953,1589857754845.0,92.0
2954,1589857815928.0,92.0
2955,1589857877209.0,92.0
2956,1589857938802.0,92.0
2957,1589857999882.0,92.0
2958,1589858060962.0,92.0
2959,1589858122049.0,92.0
2960,1589858183188.0,92.0
2961,1589858244350.0,92.0
2962,1589858305408.0,92.0
2963,1589858366486.0,92.0
2964,1589858427568.0,92.0
2965,1589858488645.0,92.0
2966,1589858549910.0,92.0
2967,1589858611003.0,92.0
2968,1589858672180.0,92.0
2969,1589858733266.0,92.0
2970,1589858794366.0,91.0
2971,1589858855445.0,91.0
2972,1589858916541.0,92.0
2973,1589858977885.0,91.0
2974,1589859038967.0,91.0
2975,1589859100249.0,91.0
2976,1589859161335.0,91.0
2977,1589859222412.0,91.0
2978,1589859283492.0,91.0
2979,1589859344594.0,91.0
2980,1589859405923.0,91.0
2981,1589859467004.0,92.0
2982,1589859528285.0,92.0
2983,1589859589343.0,92.0
2984,1589859650424.0,92.0
2985,1589859711564.0,92.0
2986,1589859772635.0,92.0
2987,1589859833909.0,92.0
2988,1589859894986.0,91.0
2989,1589859956064.0,91.0
2990,1589860017208.0,92.0
2991,1589860078287.0,92.0
2992,1589860139575.0,92.0
2993,1589860200571.0,92.0
2994,1589860261665.0,92.0
2995,1589860323014.0,92.0
2996,1589860384061.0,92.0
2997,1589860445368.0,92.0
2998,1589860506442.0,92.0
2999,1589860567496.0,92.0
3000,1589860628578.0,92.0
3001,1589860689642.0,92.0
3002,1589860750994.0,92.0
3003,1589860812682.0,92.0
3004,1589860873756.0,92.0
3005,1589860934835.0,92.0
3006,1589860995961.0,92.0
3007,1589861057295.0,92.0
3008,1589861118405.0,92.0
3009,1589861179488.0,92.0
3010,1589861240545.0,92.0
3011,1589861301627.0,92.0
3012,1589861362785.0,92.0
3013,1589861423868.0,92.0
3014,1589861485133.0,92.0
3015,1589861546189.0,92.0
3016,1589861607295.0,92.0
3017,1589861668375.0,92.0
3018,1589861729449.0,92.0
3019,1589861790723.0,92.0
3020,1589861851853.0,92.0
3021,1589861912954.0,92.0
3022,1589861974078.0,92.0
3023,1589862035151.0,92.0
3024,1589862096675.0,92.0
3025,1589862157793.0,92.0
3026,1589862218922.0,92.0
3027,1589862280018.0,92.0
3028,1589862341095.0,92.0
3029,1589862402175.0,92.0
3030,1589862463251.0,92.0
3031,1589862524356.0,92.0
3032,1589862585442.0,92.0
3033,1589862646553.0,93.0
3034,1589862707625.0,92.0
3035,1589862768832.0,92.0
3036,1589862829913.0,92.0
3037,1589862890993.0,92.0
3038,1589862952103.0,92.0
3039,1589863013628.0,92.0
3040,1589863075163.0,92.0
3041,1589863136233.0,92.0
3042,1589863197326.0,92.0
3043,1589863258397.0,92.0
3044,1589863319459.0,92.0
3045,1589863380510.0,93.0
3046,1589863441592.0,93.0
3047,1589863502698.0,93.0
3048,1589863563764.0,92.0
3049,1589863624886.0,92.0
3050,1589863685964.0,92.0
3051,1589863747039.0,93.0
3052,1589863808187.0,93.0
3053,1589863869264.0,93.0
3054,1589863930348.0,93.0
3055,1589863991478.0,93.0
3056,1589864052540.0,93.0
3057,1589864113634.0,93.0
3058,1589864174721.0,93.0
3059,1589864235783.0,93.0
3060,1589864296847.0,93.0
3061,1589864357999.0,93.0
3062,1589864419125.0,93.0
3063,1589864480188.0,93.0
3064,1589864541746.0,93.0
3065,1589864602797.0,93.0
3066,1589864663926.0,93.0
3067,1589864725036.0,93.0
3068,1589864786388.0,93.0
3069,1589864847482.0,93.0
3070,1589864908557.0,93.0
3071,1589864969627.0,93.0
3072,1589865030762.0,93.0
3073,1589865092062.0,93.0
3074,1589865153130.0,93.0
3075,1589865214214.0,93.0
3076,1589865275276.0,93.0
3077,1589865336322.0,93.0
3078,1589865397668.0,94.0
3079,1589865458804.0,94.0
3080,1589865519887.0,94.0
3081,1589865580932.0,94.0
3082,1589865641997.0,94.0
3083,1589865703316.0,94.0
3084,1589865764423.0,94.0
3085,1589865825431.0,93.0
3086,1589865886493.0,94.0
3087,1589865947567.0,94.0
3088,1589866008642.0,94.0
3089,1589866069980.0,93.0
3090,1589866131293.0,93.0
3091,1589866192337.0,93.0
3092,1589866253416.0,93.0
3093,1589866314473.0,93.0
3094,1589866375588.0,93.0
3095,1589866436663.0,93.0
3096,1589866498004.0,93.0
3097,1589866559066.0,93.0
3098,1589866620134.0,93.0
3099,1589866681256.0,93.0
3100,1589866742517.0,94.0
3101,1589866803649.0,94.0
3102,1589866864723.0,94.0
3103,1589866925785.0,94.0
3104,1589866986839.0,94.0
3105,1589867047887.0,94.0
3106,1589867109143.0,93.0
3107,1589867170200.0,93.0
3108,1589867231753.0,93.0
3109,1589867292830.0,93.0
3110,1589867353906.0,93.0
3111,1589867414983.0,93.0
3112,1589867476240.0,93.0
3113,1589867537302.0,93.0
3114,1589867598418.0,93.0
3115,1589867659486.0,93.0
3116,1589867720561.0,93.0
3117,1589867781643.0,93.0
3118,1589867842704.0,93.0
3119,1589867903950.0,93.0
3120,1589867965043.0,93.0
3121,1589868026102.0,94.0
3122,1589868087098.0,94.0
3123,1589868148097.0,94.0
3124,1589868209353.0,94.0
3125,1589868270577.0,94.0
3126,1589868331603.0,94.0
3127,1589868392667.0,94.0
3128,1589868453718.0,94.0
3129,1589868514755.0,94.0
3130,1589868576081.0,94.0
3131,1589868637122.0,94.0
3132,1589868698363.0,94.0
3133,1589868759417.0,94.0
3134,1589868820488.0,94.0
3135,1589868881543.0,94.0
3136,1589868942596.0,94.0
3137,1589869003856.0,94.0
3138,1589869064983.0,94.0
3139,1589869126023.0,94.0
3140,1589869187084.0,94.0
3141,1589869248142.0,94.0
3142,1589869309201.0,94.0
3143,1589869370454.0,94.0
3144,1589869431704.0,94.0
3145,1589869492770.0,94.0
3146,1589869554042.0,94.0
3147,1589869615103.0,94.0
3148,1589869676212.0,94.0
3149,1589869737886.0,94.0
3150,1589869798947.0,94.0
3151,1589869859997.0,94.0
3152,1589869921051.0,94.0
3153,1589869982403.0,94.0
3154,1589870043623.0,94.0
3155,1589870104693.0,95.0
3156,1589870165752.0,95.0
3157,1589870226796.0,95.0
3158,1589870287913.0,95.0
3159,1589870349173.0,95.0
3160,1589870410665.0,95.0
3161,1589870471719.0,95.0
3162,1589870532978.0,95.0
3163,1589870594024.0,95.0
3164,1589870655253.0,95.0
3165,1589870716311.0,95.0
3166,1589870777363.0,95.0
3167,1589870838419.0,95.0
3168,1589870899522.0,95.0
3169,1589870960572.0,95.0
3170,1589871021642.0,95.0
3171,1589871082704.0,95.0
3172,1589871143740.0,95.0
3173,1589871205093.0,95.0
3174,1589871266292.0,95.0
3175,1589871327323.0,95.0
3176,1589871388375.0,95.0
3177,1589871449391.0,95.0
3178,1589871510407.0,95.0
3179,1589871571669.0,95.0
3180,1589871632922.0,95.0
3181,1589871693950.0,95.0
3182,1589871754998.0,95.0
3183,1589871816057.0,95.0
3184,1589871877281.0,95.0
3185,1589871938394.0,95.0
3186,1589871999448.0,95.0
3187,1589872060492.0,95.0
3188,1589872121593.0,95.0
3189,1589872182677.0,95.0
3190,1589872243996.0,95.0
3191,1589872305053.0,95.0
3192,1589872366123.0,95.0
3193,1589872427371.0,95.0
3194,1589872488441.0,95.0
3195,1589872549782.0,95.0
3196,1589872612201.0,95.0
3197,1589872673247.0,95.0
3198,1589872734313.0,95.0
3199,1589872795645.0,95.0
3200,1589872856991.0,95.0
3201,1589872918062.0,95.0
3202,1589872979092.0,95.0
3203,1589873040166.0,95.0
3204,1589873101651.0,95.0
3205,1589873162689.0,95.0
3206,1589873223922.0,95.0
3207,1589873284994.0,95.0
3208,1589873346049.0,95.0
3209,1589873407127.0,95.0
3210,1589873468186.0,95.0
3211,1589873529251.0,95.0
3212,1589873590529.0,95.0
3213,1589873651574.0,95.0
3214,1589873712704.0,95.0
3215,1589873773737.0,95.0
3216,1589873834985.0,95.0
3217,1589873896062.0,95.0
3218,1589873957092.0,95.0
3219,1589874018438.0,95.0
3220,1589874079557.0,95.0
3221,1589874140657.0,95.0
3222,1589874201894.0,95.0
3223,1589874262981.0,95.0
3224,1589874324329.0,95.0
3225,1589874385437.0,96.0
3226,1589874446741.0,96.0
3227,1589874507735.0,96.0
3228,1589874568902.0,96.0
3229,1589874629949.0,96.0
3230,1589874691714.0,96.0
3231,1589874752785.0,96.0
3232,1589874813823.0,96.0
3233,1589874875056.0,96.0
3234,1589874936104.0,96.0
3235,1589874997095.0,100.0
3236,1589875058380.0,100.0
3237,1589875119385.0,99.0
3238,1589875180637.0,99.0
3239,1589875241626.0,99.0
3240,1589875302647.0,99.0
3241,1589875363785.0,99.0
3242,1589875424780.0,99.0
3243,1589875486063.0,99.0
3244,1589875547055.0,99.0
3245,1589875608055.0,99.0
3246,1589875669254.0,99.0
3247,1589875730270.0,99.0
3248,1589875791525.0,99.0
3249,1589875852552.0,99.0
3250,1589875913561.0,99.0
3251,1589875974808.0,99.0
3252,1589876035813.0,99.0
3253,1589876097085.0,99.0
3254,1589876158097.0,99.0
3255,1589876219110.0,99.0
3256,1589876280113.0,99.0
3257,1589876341195.0,99.0
3258,1589876402511.0,99.0
3259,1589876463522.0,99.0
3260,1589876524522.0,99.0
3261,1589876585595.0,99.0
3262,1589876646804.0,99.0
3263,1589876707817.0,99.0
3264,1589876769310.0,99.0
3265,1589876830317.0,99.0
3266,1589876891379.0,99.0
3267,1589876952524.0,99.0
3268,1589877014304.0,99.0
3269,1589877075343.0,99.0
3270,1589877136345.0,98.0
3271,1589877197381.0,99.0
3272,1589877258615.0,99.0
3273,1589877319619.0,98.0
3274,1589877380663.0,98.0
3275,1589877441828.0,98.0
3276,1589877502815.0,98.0
3277,1589877563986.0,98.0
3278,1589877625076.0,98.0
3279,1589877686083.0,98.0
3280,1589877747293.0,98.0
3281,1589877808320.0,98.0
3282,1589877869331.0,98.0
3283,1589877930614.0,98.0
3284,1589877991633.0,98.0
3285,1589878052716.0,98.0
3286,1589878113742.0,98.0
3287,1589878175004.0,98.0
3288,1589878235997.0,98.0
3289,1589878297092.0,98.0
3290,1589878358114.0,98.0
3291,1589878419114.0,98.0
3292,1589878480362.0,98.0
3293,1589878541381.0,98.0
3294,1589878602434.0,98.0
3295,1589878663400.0,98.0
3296,1589878724411.0,98.0
3297,1589878785437.0,98.0
3298,1589878847270.0,98.0
3299,1589878908263.0,98.0
3300,1589878969279.0,98.0
3301,1589879030539.0,98.0
3302,1589879091552.0,98.0
3303,1589879152576.0,98.0
3304,1589879213596.0,98.0
3305,1589879274611.0,98.0
3306,1589879335761.0,98.0
3307,1589879396781.0,99.0
3308,1589879457981.0,99.0
3309,1589879518999.0,99.0
3310,1589879580021.0,99.0
3311,1589879641066.0,98.0
3312,1589879702182.0,98.0
3313,1589879763650.0,98.0
3314,1589879824890.0,99.0
3315,1589879885898.0,99.0
3316,1589879946913.0,99.0
3317,1589880007934.0,98.0
3318,1589880068990.0,98.0
3319,1589880130123.0,98.0
3320,1589880191243.0,98.0
3321,1589880252265.0,98.0
3322,1589880313276.0,98.0
3323,1589880374296.0,98.0
3324,1589880435464.0,98.0
3325,1589880496672.0,98.0
3326,1589880557695.0,98.0
3327,1589880618709.0,98.0
3328,1589880679724.0,98.0
3329,1589880740740.0,98.0
3330,1589880801943.0,98.0
3331,1589880862991.0,98.0
3332,1589880924174.0,98.0
3333,1589880985762.0,98.0
3334,1589881046786.0,98.0
3335,1589881108002.0,98.0
3336,1589881169068.0,98.0
3337,1589881230163.0,98.0
3338,1589881291163.0,98.0
3339,1589881352179.0,98.0
3340,1589881413289.0,98.0
3341,1589881474639.0,98.0
3342,1589881535928.0,98.0
3343,1589881597013.0,98.0
3344,1589881658032.0,98.0
3345,1589881719076.0,98.0
3346,1589881780096.0,98.0
3347,1589881841396.0,98.0
3348,1589881902499.0,98.0
3349,1589881963527.0,98.0
3350,1589882024626.0,98.0
3351,1589882085735.0,98.0
3352,1589882146930.0,98.0
3353,1589882207936.0,98.0
3354,1589882268971.0,98.0
3355,1589882330034.0,98.0
3356,1589882391049.0,98.0
3357,1589882452277.0,98.0
3358,1589882513511.0,98.0
3359,1589882574520.0,98.0
3360,1589882635541.0,98.0
3361,1589882696565.0,98.0
3362,1589882757790.0,98.0
3363,1589882819019.0,98.0
3364,1589882880053.0,98.0
3365,1589882941074.0,98.0
3366,1589883002085.0,98.0
3367,1589883063107.0,98.0
3368,1589883124315.0,98.0
3369,1589883185381.0,98.0
3370,1589883246639.0,98.0
3371,1589883307645.0,98.0
3372,1589883368661.0,98.0
3373,1589883429740.0,98.0
3374,1589883490882.0,98.0
3375,1589883551995.0,98.0
3376,1589883613016.0,98.0
3377,1589883674309.0,98.0
3378,1589883735339.0,98.0
3379,1589883796343.0,98.0
3380,1589883857411.0,98.0
3381,1589883918443.0,98.0
3382,1589883979698.0,98.0
3383,1589884040722.0,98.0
3384,1589884101794.0,98.0
3385,1589884162823.0,98.0
3386,1589884223949.0,98.0
3387,1589884284979.0,98.0
3388,1589884345991.0,98.0
3389,1589884407015.0,98.0
3390,1589884468014.0,98.0
3391,1589884529326.0,98.0
3392,1589884590434.0,98.0
3393,1589884651455.0,98.0
3394,1589884712483.0,97.0
3395,1589884773510.0,97.0
3396,1589884834793.0,97.0
3397,1589884895895.0,98.0
3398,1589884956919.0,98.0
3399,1589885017935.0,97.0
3400,1589885078980.0,97.0
3401,1589885139982.0,97.0
3402,1589885201359.0,98.0
3403,1589885262654.0,98.0
3404,1589885323673.0,98.0
3405,1589885384686.0,98.0
3406,1589885445704.0,98.0
3407,1589885506722.0,97.0
3408,1589885568011.0,97.0
3409,1589885629121.0,97.0
3410,1589885690154.0,97.0
3411,1589885751670.0,97.0
3412,1589885812690.0,97.0
3413,1589885873829.0,97.0
3414,1589885934885.0,97.0
3415,1589885995943.0,97.0
3416,1589886057018.0,97.0
3417,1589886118686.0,97.0
3418,1589886179920.0,97.0
3419,1589886240951.0,97.0
3420,1589886301974.0,97.0
3421,1589886363102.0,97.0
3422,1589886424312.0,97.0
3423,1589886485339.0,97.0
3424,1589886546684.0,97.0
3425,1589886607705.0,97.0
3426,1589886668725.0,97.0
3427,1589886729927.0,98.0
3428,1589886790994.0,98.0
3429,1589886852163.0,98.0
3430,1589886913200.0,98.0
3431,1589886974666.0,97.0
3432,1589887035672.0,97.0
3433,1589887096720.0,97.0
3434,1589887157933.0,97.0
3435,1589887218972.0,97.0
3436,1589887280178.0,97.0
3437,1589887341702.0,97.0
3438,1589887402752.0,97.0
3439,1589887463835.0,97.0
3440,1589887524915.0,97.0
3441,1589887586127.0,97.0
3442,1589887647260.0,97.0
3443,1589887708311.0,97.0
3444,1589887769484.0,97.0
3445,1589887830524.0,97.0
3446,1589887891704.0,97.0
3447,1589887952760.0,97.0
