,bw
4,427.17157000000003
11,427.17157000000003
18,421.83205999999996
25,421.83205999999996
32,418.20386
39,421.2441
46,421.2441
53,421.2441
60,428.4433
67,452.06702
74,452.06702
81,452.06702
88,468.85983
95,468.85983
102,496.92565999999994
109,458.9014
116,458.9014
123,456.43427
130,474.2005
137,474.2005
144,471.95297
151,479.55355999999995
158,479.55355999999995
165,514.23224
172,514.23224
179,533.62726
186,530.7049
193,530.7049
200,546.4888
207,532.58405
214,532.58405
221,520.8524
228,525.9486
235,525.9486
242,534.0606
249,534.0606
256,515.3811599999999
263,502.66962
270,502.66962
277,535.4861
284,549.9666
291,549.9666
298,583.4316
305,583.4316
312,553.2388
319,556.6346
326,556.6346
333,533.6664
340,525.6489
347,525.6489
354,547.74243
361,547.74243
368,570.4315
375,592.76495
382,592.76495
389,569.81537
396,561.4933
403,561.4933
410,549.0897
417,545.7235
424,545.7235
431,599.7588
438,585.8695
445,585.8695
452,590.55255
459,590.55255
466,564.04877
473,588.6986
480,588.6986
487,600.0387599999999
494,621.4854
501,621.4854
508,601.29553
515,601.29553
522,612.64343
529,612.64343
536,647.68787
543,645.88214
550,645.88214
557,660.4894
564,660.4894
571,648.34717
578,662.2458
585,662.2458
592,681.8123
599,661.44464
606,661.44464
613,673.803
620,639.1921
627,639.1921
634,636.50525
641,636.50525
648,607.49774
655,627.5155599999999
662,627.5155599999999
669,616.2804
676,612.88574
683,612.88574
690,595.1686
697,570.71765
704,570.71765
711,549.06555
718,549.06555
725,586.3638
732,581.4724
739,581.4724
746,605.3688400000001
753,588.0747
760,588.0747
767,615.12396
774,640.341
781,640.341
788,643.60156
795,667.684
802,667.684
809,653.56476
816,653.56476
823,698.79016
830,715.5007
837,715.5007
844,688.3263
851,660.4281
858,660.4281
865,700.71405
872,700.71405
879,747.5939999999999
886,763.81683
893,763.81683
900,705.7378
907,702.9223
914,702.9223
921,751.6886599999999
928,751.6886599999999
935,713.6948
942,761.39716
949,761.39716
956,755.95807
963,755.95807
970,737.33
977,749.7030599999999
984,749.7030599999999
991,744.6698
998,763.06287
1005,763.06287
1012,732.04297
1019,694.75665
1026,694.75665
1033,686.2473
1040,686.2473
1047,713.2536
1054,758.5677
1061,758.5677
1068,764.89355
1075,729.51935
1082,729.51935
1089,741.8211
1096,661.07947
1103,661.07947
1110,703.6283
1117,703.6283
1124,722.66833
1131,711.1641
1138,711.1641
1145,716.3608
1152,721.0419999999999
1159,721.0419999999999
1166,747.5179400000001
1173,772.16565
1180,772.16565
1187,781.8937400000001
1194,781.8937400000001
1201,799.1016
1208,859.80695
1215,859.80695
1222,893.7897
1229,831.3966
1236,831.3966
1243,830.05524
1250,783.3573
1257,783.3573
1264,822.5088
1271,822.5088
1278,809.5017
1285,851.0032
1292,851.0032
1299,865.1482
1306,888.9845
1313,888.9845
1320,890.7381
1327,890.1753
1334,890.1753
1341,925.3482
1348,951.48035
1355,951.48035
1362,926.53534
1369,926.53534
1376,949.7957
1383,963.2385
1390,963.2385
1397,973.02295
1404,980.00256
1411,980.00256
1418,950.9246
1425,954.6395
1432,954.6395
1439,986.1102
1446,962.4232
1453,962.4232
1460,939.13947
1467,972.2130000000001
1474,972.2130000000001
1481,967.5574300000001
1488,981.7914
1495,981.7914
1502,963.0103
1509,974.60095
1516,974.60095
1523,1001.1494
1530,1011.1194
1537,1011.1194
1544,964.8067599999999
1551,992.5244
1558,992.5244
1565,999.3778
1572,1006.8354
1579,1006.8354
1586,1017.503
1593,1057.2865
1600,1057.2865
1607,1044.9784
1614,1049.5942
1621,1049.5942
1628,1035.6816
1635,1030.6196
1642,1030.6196
1649,1089.306
1656,1095.2103
1663,1095.2103
1670,1068.771
1677,1092.6685
1684,1092.6685
1691,1090.1809
1698,1086.1525
1705,1086.1525
1712,1146.4896
1719,1156.5118
1726,1156.5118
1733,1201.4938
1740,1170.2977
1747,1170.2977
1754,1191.2572
1761,1158.3573
1768,1158.3573
1775,1186.2772
1782,1212.7678
1789,1212.7678
1796,1254.7539
1803,1205.9448
1810,1205.9448
1817,1198.2229
1824,1216.2716
1831,1216.2716
1838,1221.2474
1845,1249.7831
1852,1249.7831
1859,1250.9083
1866,1212.9899
1873,1212.9899
1880,1269.6055
1887,1270.7251
1894,1270.7251
1901,1271.0896
1908,1303.4601
1915,1303.4601
1922,1343.5593
1929,1238.4474
1936,1238.4474
1943,1213.8098
1950,1202.8105
1957,1202.8105
1964,1233.0748
1971,1232.143
1978,1232.143
1985,1246.1915
1992,1233.7875
1999,1233.7875
2006,1282.8333
2013,1248.6877
2020,1248.6877
2027,1287.922
2034,1257.4272
2041,1257.4272
2048,1267.4092
2055,1293.0624
2062,1293.0624
2069,1271.2557
2076,1249.0212
2083,1249.0212
2090,1294.8174
2097,1281.0819
2104,1281.0819
2111,1316.5092
2118,1295.3204
2125,1295.3204
2132,1325.1531
2139,1325.1531
2146,1315.406
2153,1328.5269
2160,1328.5269
2167,1344.9517
2174,1336.2738
2181,1336.2738
2188,1365.0074
2195,1421.1173
2202,1421.1173
2209,1430.7151
2216,1385.4248
2223,1435.6846
2230,1435.6846
2237,1453.4636
2244,1462.3215
2251,1462.3215
2258,1472.2887
2265,1417.5571
2272,1417.5571
2279,1403.4277
2286,1363.5524
2293,1363.5524
2300,1408.0374
2307,1355.62
2314,1355.62
2321,1391.3517
2328,1452.6675
2335,1452.6675
2342,1424.0887
2349,1435.6337
2356,1435.6337
2363,1428.2108
2370,1396.8284
2377,1396.8284
2384,1383.9662
2391,1333.6207
2398,1333.6207
2405,1344.2378
2412,1367.9915
2419,1367.9915
2426,1422.9603
2433,1383.9543
2440,1383.9543
2447,1406.2843
2454,1338.2117
2461,1338.2117
2468,1363.8601
2475,1308.531
2482,1308.531
2489,1331.1581
2496,1361.4172
2503,1361.4172
2510,1331.8373
2517,1335.8014
2524,1335.8014
2531,1306.0682
2538,1265.0616
2545,1265.0616
2552,1320.9493
2559,1347.8761
2566,1347.8761
2573,1359.6475
2580,1312.4651
2587,1312.4651
2594,1312.5844
2601,1370.4176
2608,1370.4176
2615,1436.9664
2622,1451.2853
2629,1448.0663
2636,1448.0663
2643,1519.75
2650,1498.6826
2657,1498.6826
2664,1529.6835
2671,1498.0745
2678,1498.0745
2685,1489.3625
2692,1514.4801
2699,1514.4801
2706,1535.7653
2713,1213.4791
2720,1213.4791
2727,1449.1232
2734,1373.4742
2741,1373.4742
2748,1505.2009
2755,1456.533
2762,1456.533
2769,1467.0197
2776,1478.8805
2783,1478.8805
2790,1409.2286
2797,1353.3827
2804,1353.3827
2811,1407.5967
2818,1392.5424
2825,1392.5424
2832,1386.7894
2839,1422.6531
2846,1422.6531
2853,1395.9763
2860,1387.6777
2867,1387.6777
2874,1356.0966
2881,1350.8972
2888,1350.8972
2895,1345.2311
2902,1419.8859
2909,1419.8859
2916,1394.5922
2923,1375.5016
2930,1375.5016
2937,1385.3519
2944,1431.1965
2951,1431.1965
2958,1444.0565
2965,1399.7262
2972,1399.7262
2979,1362.6437
2986,1409.8549
2993,1409.8549
3000,1440.4457
3007,1397.6295
3014,1364.5576
3021,1377.8268
3028,1377.8268
3035,1344.7173
3042,1323.1788
3049,1323.1788
3056,1346.4515
3063,1341.3842
3070,1341.3842
3077,1385.6063
3084,1376.8943
3091,1376.8943
3098,1396.7372
3105,1392.4177
3112,1392.4177
3119,1401.558
3126,1346.0851
3133,1346.0851
3140,1323.3186
3147,1326.7789
3154,1345.3470000000002
3161,1345.3470000000002
3168,1296.0377
3175,1317.2395
3182,1317.2395
3189,1307.4669
3196,1319.1615
3203,1319.1615
3210,1311.8701
3217,1306.6842
3224,1306.6842
3231,1437.0242
3238,1450.0332
3245,1450.0332
3252,1501.499
3259,1498.3951
3266,1498.3951
3273,1477.5563
3280,1462.6914
3287,1462.6914
3294,1493.8246
3301,1502.4507
3308,1502.4507
3315,1518.8102
3322,1478.9342
3329,1478.9342
3336,1453.4579999999999
3343,1452.3088
3350,1452.3088
3357,1464.2579
3364,1475.4496
3371,1475.4496
3378,1491.969
3385,1500.8915
3392,1500.8915
3399,1510.5895
3406,1457.9374
3413,1457.9374
3420,1516.6874
3427,1522.5116
3434,1522.5116
3441,1518.2924
3448,1509.5049
3455,1509.5049
3462,1479.4509
3469,1515.6116
3476,1515.6116
3483,1534.0768
3490,1537.4379999999999
3497,1537.4379999999999
3504,1530.8108
3511,1449.8683
3518,1449.8683
3525,1482.3083
3532,1565.8882
3539,1579.2477
3546,1579.2477
3553,1583.247
3560,1586.3558
3567,1586.3558
3574,1598.5258
3581,1593.411
3588,1593.411
3595,1533.8829
3602,1509.7689
3609,1509.7689
3616,1497.6287
3623,1498.4694
3630,1498.4694
3637,1468.3677
3644,1517.0337
3651,1517.0337
3658,1583.6848
3665,1562.4387
3672,1562.4387
3679,1585.5510000000002
3686,1601.2899
3693,1601.2899
3700,1640.4783
3707,1594.6123
3714,1594.6123
3721,1629.3657
3728,1612.4966
3735,1612.4966
3742,1653.5878
3749,1626.4103
3756,1626.4103
3763,1621.263
3770,1561.8159
3777,1561.8159
3784,1611.0358
3791,1609.1070000000002
3798,1609.1070000000002
3805,1624.0851
3812,1653.0499
3819,1653.0499
3826,1697.7482
3833,1708.4175
3840,1708.4175
3847,1725.2874
3854,1662.5454
3861,1662.5454
3868,1740.7060000000001
3875,1746.9647
3882,1746.9647
3889,1732.0768
3896,1718.4531
3903,1718.4531
3910,1756.1866
3917,1740.1927
3924,1740.1927
3931,1704.6396
3938,1698.1298
3945,1698.1298
3952,1737.0619
3959,1666.8077
3966,1594.0068
3973,1594.0068
3980,1564.5687
3987,1597.3654
3994,1597.3654
4001,1568.2823
4008,1551.0492
4015,1551.0492
4022,1586.1865
4029,1631.1068
4036,1631.1068
4043,1597.9021
4050,1653.6332
4057,1653.6332
4064,1606.0663
4071,1630.9507
4078,1630.9507
4085,1695.7847
4092,1707.0354
4099,1707.0354
4106,1677.7175
4113,1707.0076
4120,1707.0076
4127,1690.9237
4134,1644.5945
4141,1644.5945
4148,1752.29
4155,1732.5261
4162,1732.5261
4169,1770.4978
4176,1718.9341
4183,1718.9341
4190,1702.2812
4197,1735.0543
4204,1735.0543
4211,1750.6946
4218,1747.4308
4225,1747.4308
4232,1737.868
4239,1757.4094
4246,1757.4094
4253,1760.6989
4260,1752.3579
4267,1752.3579
4274,1703.4613
4281,1609.2794
4288,1609.2794
4295,1655.8267
4302,1741.8193
4309,1741.8193
4316,1702.7457
4323,1689.2523
4330,1689.2523
4337,1663.3417
4344,1662.7958
4351,1674.9292
4358,1674.9292
4365,1771.6744
4372,1746.5956
4379,1746.5956
4386,1728.6936
4393,1723.365
4400,1723.365
4407,1725.7089
4414,1729.5215
4421,1729.5215
4428,1735.4636
4435,1799.0279999999998
4442,1799.0279999999998
4449,1754.9248
4456,1741.3148
4463,1741.3148
4470,1734.1688
4477,1800.5583
4484,1800.5583
4491,1799.836
4498,1830.4164
4505,1830.4164
4512,1813.7086
4519,1792.2294
4526,1792.2294
4533,1834.4995
4540,1767.7946
4547,1767.7946
4554,1776.1465
4561,1719.9192
4568,1719.9192
4575,1816.1632
4582,1832.0726
4589,1832.0726
4596,1879.1470000000002
4603,1800.1204
4610,1800.1204
4617,1810.3948
4624,1775.9911
4631,1775.9911
4638,1783.855
4645,1732.4286
4652,1732.4286
4659,1730.7737
4666,1792.4314
4673,1792.4314
4680,1804.9209
4687,1717.4913
4694,1717.4913
4701,1725.723
4708,1757.8555
4715,1757.8555
4722,1776.4602
4729,1742.7388
4736,1742.7388
4743,1708.9858
4750,1766.7382
4757,1814.6904
4764,1814.6904
4771,1797.6333
4778,1770.3593
4785,1770.3593
4792,1773.6603
4799,1898.3783
4806,1898.3783
4813,1849.0610000000001
4820,1809.3467
4827,1809.3467
4834,1833.8949
4841,1781.8645
4848,1781.8645
4855,1741.5901
4862,1733.2845
4869,1733.2845
4876,1716.5066
4883,1707.2892
4890,1707.2892
4897,1718.7847
4904,1771.244
4911,1771.244
4918,1805.9802
4925,1846.489
4932,1846.489
4939,1810.6470000000002
4946,1747.7493
4953,1747.7493
4960,1745.864
4967,1754.0377
4974,1754.0377
4981,1749.1611
4988,1622.0996
4995,1622.0996
5002,1656.1981
5009,1782.1732
5016,1782.1732
5023,1701.3737
5030,1686.9384
5037,1686.9384
5044,1749.3362
5051,1714.4884
5058,1714.4884
5065,1648.8545
5072,1583.6067
5079,1583.6067
5086,1607.1548
5093,1576.904
5100,1576.904
5107,1579.4463
5114,1536.3027
5121,1573.3436
5128,1573.3436
5135,1637.8964
5142,1678.704
5149,1678.704
5156,1709.2943
5163,1681.047
5170,1681.047
5177,1620.7563
5184,1592.2705
5191,1592.2705
5198,1620.1898
5205,1658.9412
5212,1658.9412
5219,1627.9244
5226,1596.0299
5233,1596.0299
5240,1625.7708
5247,1691.4253
5254,1691.4253
5261,1681.0504
5268,1678.3395
5275,1678.3395
5282,1600.9209
5289,1633.3733
5296,1633.3733
5303,1638.9353
5310,1703.7365
5317,1703.7365
5324,1725.7356
5331,1760.0435
5338,1760.0435
5345,1759.0068
5352,1659.7681
5359,1659.7681
5366,1620.6981
5373,1636.9264
5380,1636.9264
5387,1638.7196
5394,1691.7034
5401,1691.7034
5408,1640.1033
5415,1577.6401
5422,1577.6401
5429,1631.7939999999999
5436,1637.5865
5443,1637.5865
5450,1685.4402
5457,1789.4105
5464,1789.4105
5471,1812.3237
5478,1735.1359
5485,1765.4209
5492,1765.4209
5499,1747.4528
5506,1715.6172
5513,1715.6172
5520,1727.5642
5527,1722.8865
5534,1722.8865
5541,1749.7268
5548,1740.3674
5555,1740.3674
5562,1761.043
5569,1828.1565
5576,1828.1565
5583,1844.6532
5590,1820.1904
5597,1820.1904
5604,1824.779
5611,1792.0345
5618,1792.0345
5625,1837.781
5632,1832.5443
5639,1832.5443
5646,1818.8789
5653,1874.8105
5660,1874.8105
5667,2024.021
5674,1985.1514
5681,1985.1514
5688,1990.3412
5695,1917.4231
5702,1917.4231
5709,1904.3789
5716,1871.8904
5723,1871.8904
5730,1908.0020000000002
5737,1973.0435
5744,1973.0435
5751,1985.9603
5758,1992.8093
5765,1992.8093
5772,2000.5668
5779,1916.4294
5786,1916.4294
5793,1978.8561
5800,2041.4717
5807,2041.4717
5814,2038.1852
5821,2099.1924
5828,2099.1924
5835,2028.4137
5842,1958.6184
5849,1958.6184
5856,1991.5613
5863,1967.6199
5870,1960.7848
5877,1960.7848
5884,1940.5837
5891,1968.9098
5898,1968.9098
5905,1918.0286
5912,1998.4648
5919,1998.4648
5926,1945.7985
5933,1984.9129999999998
5940,1984.9129999999998
5947,1934.224
5954,1985.4175
5961,1985.4175
5968,2026.4231
5975,1934.2534
5982,1934.2534
5989,2062.8218
5996,2015.5892
6003,2015.5892
6010,1989.0887
6017,2037.6003
6024,2037.6003
6031,2051.1401
6038,1986.5021
6045,1986.5021
6052,2022.2882
6059,2065.7529999999997
6066,2065.7529999999997
6073,2092.6694
6080,2086.5667
6087,2086.5667
6094,2101.7188
6101,2111.8704
6108,2111.8704
6115,2026.0095
6122,2086.3635
6129,2086.3635
6136,2047.8914
6143,2095.6462
6150,2095.6462
6157,2103.333
6164,2072.8867
6171,2072.8867
6178,2128.2205
6185,2137.592
6192,2137.592
6199,2106.603
6206,2142.9978
6213,2142.9978
6220,2182.6025
6227,2165.0688
6234,2165.0688
6241,2189.1748
6248,2150.0303
6255,2150.0303
6262,2201.4570000000003
6269,2165.1812
6276,2165.1812
6283,2201.0896
6290,2140.6907
6297,2140.6907
6304,2186.5657
6311,2151.725
6318,2154.363
6325,2154.363
6332,2120.9956
6339,2101.3298
6346,2101.3298
6353,2109.8794
6360,2191.2073
6365,2191.2073
6370,2237.8386
6377,2265.295
6384,2265.295
6391,2231.5127
6398,2198.4453
6405,2198.4453
6412,2178.2124
6419,2143.0454
6426,2143.0454
6433,2152.958
6440,2119.7925
6447,2119.7925
6454,2087.6846
6461,2044.8059
6468,2044.8059
6475,2209.855
6482,2198.1184
6489,2198.1184
6496,2221.1863
6503,2227.456
6510,2227.456
6517,2202.6494
6524,2231.702
6531,2231.702
6538,2180.597
6545,2114.2424
6552,2114.2424
6559,2137.5298
6566,2181.7075
6573,2181.7075
6580,2149.803
6587,2118.9126
6594,2118.9126
6601,2185.2935
6608,2138.4514
6615,2138.4514
6622,2112.3743
6629,2135.5793
6636,2135.5793
6643,2148.1414
6650,2163.947
6657,2163.947
6664,2190.6672
6671,2175.572
6678,2175.572
6685,2234.612
6692,2281.4292
6699,2281.4292
6706,2292.271
6713,2301.5056
6720,2301.5056
6727,2261.6963
6734,2252.9934
6741,2252.9934
6748,2175.8442
6755,2218.5312
6762,2218.5312
6769,2227.6384
6776,2196.261
6783,2269.9907
6790,2269.9907
6797,2243.6628
6804,2288.8872
6811,2288.8872
6818,2213.491
6825,2232.7529999999997
6832,2232.7529999999997
6839,2245.9834
6846,2294.5105
6853,2294.5105
6860,2306.286
6867,2217.406
6874,2217.406
6881,2241.9736
6888,2253.46
6895,2253.46
6902,2257.034
6909,2239.6287
6916,2239.6287
6923,2355.8765
6930,2253.001
6937,2253.001
6944,2297.2166
6951,2299.1636
6958,2299.1636
6965,2461.5154
6972,2325.9763
6979,2325.9763
6986,2445.365
6993,2475.1545
7000,2475.1545
7007,2458.0166
7014,2464.9011
7021,2464.9011
7028,2392.7505
7035,2424.5977
7042,2424.5977
7049,2571.1904
7056,2558.4348
7063,2558.4348
7070,2638.8538
7077,2565.9478
7084,2565.9478
7091,2615.9297
7098,2653.5457
7105,2653.5457
7112,2580.949
7119,2505.2893
7126,2505.2893
7133,2513.466
7140,2524.8818
7147,2524.8818
7154,2512.849
7161,2537.303
7168,2537.303
7175,2509.83
7182,2487.83
7189,2487.83
7196,2545.6025
7203,2455.2654
7210,2376.5334
7217,2376.5334
7224,2441.22
7231,2497.6694
7238,2497.6694
7245,2541.6418
7252,2508.9573
7259,2508.9573
7266,2572.2837
7273,2555.8720000000003
7280,2555.8720000000003
7287,2518.8052
7294,2488.595
7301,2488.595
7308,2505.9963
7315,2452.4339999999997
7322,2452.4339999999997
7329,2401.1506
7336,2437.5632
7343,2437.5632
7350,2515.821
7357,2430.903
7364,2430.903
7371,2408.5156
7378,2475.1646
7385,2475.1646
7392,2483.9829999999997
7399,2441.7102
7406,2441.7102
7413,2517.1436
7420,2536.0522
7427,2536.0522
7434,2505.0244
7441,2466.4604
7448,2466.4604
7455,2523.4272
7462,2535.3086
7469,2535.3086
7476,2605.7512
7483,2534.0698
7490,2534.0698
7497,2461.5596
7504,2505.625
7511,2505.625
7518,2520.9106
7525,2445.4114
7532,2445.4114
7539,2408.243
7546,2470.2893
7553,2470.2893
7560,2400.355
7567,2332.4629999999997
7574,2332.4629999999997
7581,2354.5389999999998
7588,2388.3943
7595,2388.3943
7602,2361.1218
7609,2369.4707
7616,2369.4707
7623,2323.7837
7630,2384.0625
7637,2384.0625
7644,2491.1003
7651,2454.9995
7658,2454.9995
7665,2316.1528
7672,2335.1382
7679,2375.653
7686,2375.653
7693,2382.0762
7700,2352.9827
7707,2352.9827
7714,2367.2146
7721,2437.844
7728,2437.844
7735,2401.9610000000002
7742,2360.1753
7749,2360.1753
7756,2336.959
7763,2342.0576
7770,2342.0576
7777,2356.5605
7784,2418.6802
7791,2418.6802
7798,2431.274
7805,2493.9973
7812,2493.9973
7819,2298.0376
7826,2372.4897
7833,2372.4897
7840,2408.2935
7847,2464.2815
7854,2464.2815
7861,2458.6895
7868,2373.0327
7875,2373.0327
7882,2400.1086
7889,2451.0955
7896,2451.0955
7903,2356.5435
7910,2361.6055
7917,2361.6055
7924,2403.1292
7931,2421.245
7938,2421.245
7945,2312.0879999999997
7952,2285.1252
7959,2285.1252
7966,2269.7329999999997
7973,2285.2566
7980,2285.2566
7987,2256.4258
7994,2228.3484
8001,2228.3484
8008,2173.5713
8015,2124.2437
8022,2124.2437
8029,2181.7554
8036,2139.8477
8043,2139.8477
8050,2137.9448
8057,2207.9768
8064,2207.9768
8071,2093.9963
8078,2114.4993
8085,2114.4993
8092,2105.3928
8099,2077.0017
8106,2077.0017
8113,1993.2314
8120,1995.7697
8127,1981.0333
8134,1981.0333
8141,2034.7622
8148,1954.9124
8155,1954.9124
8162,2021.2743
8169,1968.7671
8176,1968.7671
8183,1909.922
8190,1899.0137
8197,1899.0137
8204,1855.2719
8211,1816.7202
8218,1816.7202
8225,1786.6289
8232,1808.8154
8239,1808.8154
8246,1846.8605
8253,1888.2477
8260,1888.2477
8267,1829.6525
8274,1797.8022
8281,1797.8022
8288,1849.6304
8295,1905.4817
8302,1905.4817
8309,1776.9802
8316,1884.9481
8323,1884.9481
8330,1829.2598
8337,1848.9401
8344,1848.9401
8351,1848.8562
8358,1881.4816
8365,1881.4816
8372,1908.6973
8379,1885.5379999999998
8386,1885.5379999999998
8393,1831.0609
8400,1783.9916
8407,1783.9916
8414,1847.9379
8421,1869.8673
8428,1869.8673
8435,1812.7634
8442,1833.8702
8449,1833.8702
8456,1783.1349
8463,1809.5237
8470,1809.5237
8477,1758.4219
8484,1760.987
8491,1760.987
8498,1753.5012
8505,1786.868
8512,1786.868
8519,1661.9845
8526,1690.1271
8533,1676.944
8540,1676.944
8547,1654.0918
8554,1645.8944
8561,1645.8944
8568,1644.7227
8575,1625.1273
8582,1625.1273
8589,1645.4991
8596,1650.1735
8603,1650.1735
8610,1636.0754
8617,1544.6613
8624,1544.6613
8631,1653.7909
8638,1664.2146
8645,1664.2146
8652,1666.8139999999999
8659,1611.5232
8666,1611.5232
8673,1603.7775
8680,1648.2201
8687,1648.2201
8694,1647.9008
8701,1707.79
8708,1707.79
8715,1713.4167
8722,1650.6074
8729,1650.6074
8736,1648.6266
8743,1670.2728
8750,1670.2728
8757,1561.5276
8764,1537.2833
8771,1537.2833
8778,1530.5969
8785,1508.3054
8792,1508.3054
8799,1467.9598
8806,1445.3164
8813,1445.3164
8820,1472.3209
8827,1404.3545
8834,1404.3545
8841,1505.5115
8848,1465.9714
8855,1465.9714
8862,1490.9558
8869,1458.7894
8876,1547.9824
8883,1547.9824
8890,1518.8220000000001
8897,1490.5173
8904,1490.5173
8911,1509.237
8918,1486.6935
8925,1486.6935
8932,1475.5629
8939,1481.5076
8946,1481.5076
8953,1466.2031
8960,1470.9255
8967,1470.9255
8974,1483.6791
8981,1473.684
8988,1473.684
8995,1460.9376
9002,1421.4006
9009,1421.4006
9016,1497.3811
9023,1525.1829
9030,1525.1829
9037,1443.1672
9044,1430.1095
9051,1430.1095
9058,1408.8992
9065,1441.3518
9072,1441.3518
9079,1380.5093
9086,1374.6285
9093,1374.6285
9100,1363.3357
9107,1369.0422
9114,1369.0422
9121,1345.9795
9128,1348.3466
9135,1348.3466
9142,1333.6198
9149,1311.0275
9156,1311.0275
9163,1326.612
9170,1305.2654
9177,1305.2654
9184,1286.9491
9191,1221.062
9198,1221.062
9205,1223.8503
9212,1166.8375
9219,1166.8375
9226,1183.9009
9233,1173.2222
9240,1149.6703
9247,1149.6703
9254,1142.4553
9261,1133.5063
9268,1133.5063
9275,1151.3383
9282,1156.9213
9289,1156.9213
9296,1155.5739
9303,1152.4056
9310,1152.4056
9317,1165.9795
9324,1150.1069
9331,1150.1069
9338,1184.4089
9345,1156.8613
9352,1156.8613
9359,1131.5153
9366,1109.9208
9373,1109.9208
9380,1081.4913
9387,1108.9442
9394,1108.9442
9401,1079.6508
9408,1101.4547
9415,1101.4547
9422,1133.8301
9429,1102.6288
9436,1102.6288
9443,1118.9038
9450,1086.5979
9457,1086.5979
9464,1038.7473
9471,1067.9003
9478,1067.9003
9485,1062.5482
9492,1096.1399
9499,1096.1399
9506,1128.5049
9513,1136.3811
9520,1136.3811
9527,1094.3944
9534,1067.9606
9541,1067.9606
9548,1103.1655
9555,0.0
9562,0.0
9569,141.23291
9576,211.78815
9583,211.78815
9590,218.57295
9597,239.80696
9604,239.80696
9611,257.44912999999997
9618,257.44912999999997
9625,281.02066
9632,267.80832000000004
9639,267.80832000000004
9646,285.27203
9653,289.4073
9660,289.4073
9667,278.5747
9674,285.07547
9681,285.07547
9688,285.07547
9695,283.9793
9702,269.7169
9709,269.7169
9716,270.61694
9723,269.996
9730,269.996
9737,273.3387
9744,273.3387
9751,305.41037
9758,305.41037
9765,316.7378
9772,338.4878
9779,338.4878
9786,329.5668
9793,329.5668
9800,290.8583
9807,292.00018
9814,292.00018
9821,284.76746
9828,284.76746
9835,302.7392
9842,267.88907
9849,267.88907
9856,268.68726000000004
9863,268.68726000000004
9870,258.76245
9877,273.65552
9884,273.65552
9891,284.8776
9898,270.02187999999995
9905,270.02187999999995
9912,293.9307
9919,293.9307
9926,297.75307999999995
9933,312.2964
9940,312.2964
9947,311.71103
9954,311.71103
9961,321.71375
9968,358.2157
9975,358.2157
9982,363.08948
9989,373.19565
9996,373.19565
10003,339.9858
10010,364.79177999999996
10017,364.79177999999996
10024,364.71326
10031,378.52297999999996
10038,378.52297999999996
10045,397.1715
10052,397.1715
10059,409.00165
10066,389.18607000000003
10073,389.18607000000003
10080,398.9803
10087,412.1925
10094,412.1925
10101,430.62005999999997
10108,440.37198
10115,440.37198
10122,426.7354
10129,431.80267000000003
10136,431.80267000000003
10143,447.3964
10150,459.6674
10157,459.6674
10164,452.42987
10171,452.42987
10178,453.3019
10185,444.60934000000003
10192,444.60934000000003
10199,458.5643
10206,451.15128
10213,451.15128
10220,451.7775
10227,451.7775
10234,503.62462999999997
10241,513.66516
10248,513.66516
10255,485.73900000000003
10262,485.17526
10269,485.17526
10276,497.77065999999996
10283,499.1838
10290,499.1838
10297,493.57175
10304,493.57175
10311,514.27423
10318,511.07352000000003
10325,511.07352000000003
10332,504.78848
10339,491.0431
10346,491.0431
10353,498.86768
10360,488.80475
10367,488.80475
10374,477.4567
10381,477.4567
10388,511.1229
10395,511.1229
10402,525.67444
10409,525.67444
10416,503.1111
10423,524.8763
10430,524.8763
10437,495.32327000000004
10444,508.10468
10451,508.10468
10458,527.16675
10465,506.7784
10472,506.7784
10479,525.81555
10486,525.81555
10493,534.8439
10500,530.3116
10507,530.3116
10514,537.9444599999999
10521,520.2142
10528,520.2142
10535,525.8623
10542,525.8623
10549,543.22736
10556,499.9235
10563,499.9235
10570,518.7503
10577,527.30493
10584,527.30493
10591,519.15137
10598,514.6022
10605,514.6022
10612,557.12787
10619,557.12787
10626,565.3375
10633,574.23364
10640,574.23364
10647,571.7548
10654,571.7548
10661,575.7554
10668,574.7512
10675,574.7512
10682,560.552
10689,560.552
10696,547.852
10703,558.7228
10710,558.7228
10717,579.1282
10724,555.5972
10731,555.5972
10738,572.33734
10745,572.33734
10752,576.81696
10759,573.48114
10766,573.48114
10773,557.1782
10780,617.84546
10787,617.84546
10794,601.86035
10801,601.86035
10808,633.04626
10815,633.04626
10822,650.90735
10829,629.9417
10836,629.9417
10843,632.9977
10850,637.7287
10857,637.7287
10864,638.67676
10871,638.67676
10878,633.8787
10885,646.1608
10892,646.1608
10899,673.97815
10906,690.24023
10913,690.24023
10920,673.2
10927,692.711
10934,692.711
10941,657.35175
10948,656.97015
10955,656.97015
10962,687.08307
10969,687.08307
10976,698.6744
10983,710.414
10990,710.414
10997,710.6878
11004,736.1056
11011,736.1056
11018,762.7364
11025,710.7925
11032,710.7925
11039,711.9944
11046,727.4196
11053,727.4196
11060,738.0202
11067,745.9194
11074,745.9194
11081,742.3031599999999
11088,756.0299
11095,756.0299
11102,771.1094400000001
11109,761.5042
11116,761.5042
11123,761.1057
11130,734.9231599999999
11137,734.9231599999999
11144,769.2561599999999
11151,761.4139
11158,761.4139
11165,819.3819
11172,795.2995
11179,795.2995
11186,811.98785
11193,817.7213
11200,817.7213
11207,823.2437
11214,906.1305
11221,906.1305
11228,902.4792
11235,907.3544
11242,907.3544
11249,893.9545
11256,901.9689999999999
11263,901.9689999999999
11270,916.3659
11277,941.4044
11284,941.4044
11291,913.72186
11298,934.96466
11305,934.96466
11312,941.3041400000001
11319,935.8623699999999
11326,935.8623699999999
11333,939.4721699999999
11340,906.67035
11347,906.67035
11354,912.20917
11361,880.7932
11368,880.7932
11375,894.1958599999999
11382,876.31354
11389,876.31354
11396,877.88885
11403,916.6614400000001
11410,916.6614400000001
11417,908.1905
11424,949.1679
11431,949.1679
11438,949.0211
11445,973.4235
11452,973.4235
11459,986.4013
11466,964.4568
11473,964.4568
11480,951.62537
11487,947.65356
11494,947.65356
11501,956.5282
11508,929.7808
11515,929.7808
11522,1006.5523699999999
11529,1013.1696
11536,1013.1696
11543,1012.66394
11550,1007.94574
11557,1007.94574
11564,1043.7762
11571,1008.9578
11578,1008.9578
11585,1035.9294
11592,1024.5392
11599,1024.5392
11606,1026.1542
11613,973.9334
11620,973.9334
11627,1031.987
11634,1043.1826
11641,1043.1826
11648,1038.6958
11655,1041.6921
11662,1041.6921
11669,1032.6353
11676,1077.1466
11683,1077.1466
11690,1070.4998
11697,1044.7173
11704,1044.7173
11711,1070.7875
11718,1082.8389
11725,1082.8389
11732,1114.7528
11739,1053.2391
11746,1053.2391
11753,1095.4824
11760,1105.4021
11767,1105.4021
11774,1119.2693
11781,1130.3331
11788,1130.3331
11795,1083.482
11802,1062.3848
11809,1062.3848
11816,1081.2693
11823,1088.6294
11830,1088.6294
11837,1095.192
11844,1071.7865
11851,1071.7865
11858,1087.9857
11865,1090.7554
11872,1090.7554
11879,1041.3848
11886,1104.9718
11893,1104.9718
11900,1133.7838
11907,1225.3369
11914,1225.3369
11921,1193.0347
11928,1180.507
11935,1180.507
11942,1200.1012
11949,1220.4389999999999
11956,1220.4389999999999
11963,1180.7863
11970,1222.3110000000001
11977,1222.3110000000001
11984,1302.3074
11991,1197.5707
11998,1197.5707
12005,1217.2402
12012,1195.9445
12019,1195.9445
12026,1252.5507
12033,1249.2306
12040,1264.6515
12047,1264.6515
12054,1278.1171
12061,1246.5825
12068,1246.5825
12075,1275.1753
12082,1277.7911
12089,1277.7911
12096,1260.6256
12103,1251.6771
12110,1251.6771
12117,1271.4357
12124,1286.5326
12131,1286.5326
12138,1298.7614
12145,1300.6735
12152,1300.6735
12159,1291.7839
12166,1260.3088
12173,1260.3088
12180,1268.0753
12187,1294.6758
12194,1294.6758
12201,1276.3708
12208,1263.9386
12215,1263.9386
12222,1288.6385
12229,1329.4805
12236,1329.4805
12243,1275.9911
12250,1261.6439
12257,1261.6439
12264,1263.8049
12271,1282.2549
12278,1282.2549
12285,1290.3412
12292,1266.2327
12299,1266.2327
12306,1336.2219
12313,1361.55
12320,1361.55
12327,1308.516
12334,1300.9761
12341,1300.9761
12348,1283.8103
12355,1313.7094
12362,1313.7094
12369,1294.5713
12376,1289.1952
12383,1326.8512
12390,1326.8512
12397,1301.0491
12404,1292.1229
12411,1292.1229
12418,1298.8086
12425,1314.8220000000001
12432,1314.8220000000001
12439,1310.9834
12446,1320.6882
12453,1320.6882
12460,1310.9584
12467,1270.2515
12474,1270.2515
12481,1279.4922
12488,1268.3992
12495,1268.3992
12502,1265.2739
12509,1303.8687
12516,1303.8687
12523,1272.1853
12530,1284.2916
12537,1284.2916
12544,1282.9196
12551,1307.192
12558,1307.192
12565,1319.065
12572,1362.2060000000001
12579,1362.2060000000001
12586,1352.0435
12593,1333.7837
12600,1333.7837
12607,1335.6168
12614,1316.1779
12621,1316.1779
12628,1335.2981
12635,1334.233
12642,1334.233
12649,1297.0905
12656,1403.1355
12663,1403.1355
12670,1388.6989999999998
12677,1382.3262
12684,1382.3262
12691,1381.2782
12698,1378.765
12705,1378.765
12712,1411.1868
12719,1426.31
12726,1426.31
12733,1418.8606
12740,1419.0656
12747,1419.0656
12754,1399.5718
12761,1442.5138
12768,1435.4652
12775,1435.4652
12782,1422.0652
12789,1435.3766
12796,1435.3766
12803,1495.473
12810,1546.155
12817,1546.155
12824,1512.0510000000002
12831,1487.9066
12838,1487.9066
12845,1433.0320000000002
12852,1392.0293
12859,1392.0293
12866,1381.6995
12873,1446.4353
12880,1446.4353
12887,1422.9773
12894,1466.76
12901,1466.76
12908,1480.8892
12915,1450.3635
12922,1450.3635
12929,1408.1053
12936,1434.2703
12943,1434.2703
12950,1433.1672
12957,1460.7644
12964,1460.7644
12971,1525.3147
12978,1559.819
12985,1559.819
12992,1585.4260000000002
12999,1651.6070000000002
13006,1651.6070000000002
13013,1630.7955
13020,1595.1898
13027,1595.1898
13034,1579.3258
13041,1607.2266
13048,1607.2266
13055,1596.7664
13062,1538.3396
13069,1538.3396
13076,1561.5381
13083,1518.3331
13090,1518.3331
13097,1531.1742
13104,1560.2
13111,1560.2
13118,1538.5188
13125,1563.2212
13132,1563.2212
13139,1581.6824
13146,1616.2969
13153,1616.2969
13160,1599.3358
13167,1628.1345
13174,1545.4084
13181,1545.4084
13188,1544.0442
13195,1516.1987
13202,1516.1987
13209,1454.9987
13216,1512.9287
13223,1512.9287
13230,1499.2352
13237,1620.9553
13244,1620.9553
13251,1601.6953
13258,1565.0818
13265,1565.0818
13272,1573.7917
13279,1607.815
13286,1607.815
13293,1621.3124
13300,1627.727
13307,1627.727
13314,1598.0535
13321,1606.6598
13328,1606.6598
13335,1617.9984
13342,1632.7544
13349,1632.7544
13356,1579.5485
13363,1646.5345
13370,1646.5345
13377,1645.8864
13384,1602.1106
13391,1602.1106
13398,1592.0868
13405,1613.4597
13412,1613.4597
13419,1586.2603
13426,1632.7075
13433,1632.7075
13440,1611.6023
13447,1517.4006
13454,1517.4006
13461,1522.0745
13468,1512.4131
13475,1512.4131
13482,1487.0679
13489,1463.7917
13496,1463.7917
13503,1507.9113
13510,1512.3721
13517,1512.3721
13524,1518.997
13531,1497.47
13538,1497.47
13545,1496.3447
13552,1463.5914
13559,1463.5914
13566,1481.1943
13573,1425.9319
13580,1446.6233
13587,1446.6233
13594,1517.0482
13601,1456.2976
13608,1456.2976
13615,1438.3699
13622,1411.4392
13629,1411.4392
13636,1465.6107
13643,1473.931
13650,1473.931
13657,1441.4454
13664,1461.6344
13671,1461.6344
13678,1454.0414
13685,1438.6295
13692,1438.6295
13699,1479.1445
13706,1420.7161
13713,1420.7161
13720,1447.2114
13727,1464.1576
13734,1464.1576
13741,1537.0582
13748,1461.5454
13755,1461.5454
13762,1389.4604
13769,1340.8684
13776,1340.8684
13783,1516.1960000000001
13790,1513.7567
13797,1513.7567
13804,1530.8197
13811,1503.945
13818,1503.945
13825,1538.4375
13832,1569.6287
13839,1569.6287
13846,1563.4152
13853,1513.1427
13860,1513.1427
13867,1458.2039
13874,1486.1051
13881,1486.1051
13888,1496.5723
13895,1464.3501
13902,1464.3501
13909,1528.8633
13916,1499.3644
13923,1499.3644
13930,1497.3878
13937,1531.9933
13944,1531.9933
13951,1529.1924
13958,1468.5367
13965,1468.5367
13972,1579.6070000000002
13979,1570.9304
13986,1570.9304
13993,1590.7333
14000,1676.2977
14007,1676.2977
14014,1689.7954
14021,1700.1112
14028,1708.1676
14035,1708.1676
14042,1704.9004
14049,1735.4655
14056,1735.4655
14063,1782.318
14070,1764.7201
14077,1764.7201
14084,1764.7677
14091,1713.4225
14098,1713.4225
14105,1738.6809
14112,1657.4471
14119,1657.4471
14126,1643.4054
14133,1631.5602
14140,1631.5602
14147,1604.1592
14154,1641.1013
14161,1641.1013
14168,1629.1345
14175,1689.8959
14182,1689.8959
14189,1690.0753
14196,1672.3444
14203,1672.3444
14210,1704.5873
14217,1706.8828
14224,1706.8828
14231,1614.1505
14238,1660.8069
14245,1660.8069
14252,1608.1278
14259,1586.0992
14266,1586.0992
14273,1549.6987
14280,1585.0499
14287,1585.0499
14294,1603.5366
14301,1555.4565
14308,1555.4565
14315,1611.9628
14322,1548.6686
14329,1548.6686
14336,1607.9745
14343,1620.037
14350,1620.037
14357,1641.9897
14364,1626.2539
14371,1626.2539
14378,1748.5137
14385,1740.6238
14392,1716.9886
14399,1716.9886
14406,1708.9088
14413,1744.6018
14420,1744.6018
14427,1761.8693
14434,1765.1147
14441,1765.1147
14448,1763.1609
14455,1726.7976
14462,1726.7976
14469,1742.88
14476,1796.8734
14483,1796.8734
14490,1758.2228
14497,1758.2228
14504,1801.4962
14511,1870.8584
14518,1831.5857
14525,1831.5857
14532,1766.3389
14539,1762.9966
14546,1762.9966
14553,1718.1364
14560,1747.5879
14567,1747.5879
14574,1711.9552
14581,1760.2019
14588,1760.2019
14595,1774.6935
14602,1804.9362
14609,1804.9362
14616,1798.9805
14623,1736.7275
14630,1736.7275
14637,1678.5393
14644,1712.4504
14651,1712.4504
14658,1786.9398
14665,1761.1534
14672,1761.1534
14679,1622.1755
14686,1657.6992
14693,1657.6992
14700,1608.3995
14707,1616.7968
14714,1616.7968
14721,1662.2133
14728,1706.2952
14735,1706.2952
14742,1655.9475
14749,1679.9146
14756,1679.9146
14763,1628.1427
14770,1684.4144
14777,1684.4144
14784,1719.3047
14791,1701.7388
14798,1701.7388
14805,1664.4642
14812,1676.5896
14819,1676.5896
14826,1694.9309
14833,1682.2242
14840,1682.2242
14847,1655.8534
14854,1772.9087
14861,1772.9087
14868,1748.0779
14875,1728.9722
14882,1728.9722
14889,1688.7609
14896,1631.1056
14903,1631.1056
14910,1634.1742
14917,1607.0184
14924,1607.0184
14931,1582.735
14938,1569.6108
14945,1569.6108
14952,1600.6727
14959,1655.8276
14966,1655.8276
14973,1686.6268
14980,1765.2267
14987,1765.2267
14994,1722.9669
15001,1708.3307
15008,1780.4976
15015,1780.4976
15022,1841.6973
15029,1823.0701
15036,1823.0701
15043,1780.0697
15050,1898.8502
15057,1898.8502
15064,1973.2231
15071,1893.1099
15078,1893.1099
15085,1848.1797
15092,1895.5272
15099,1895.5272
15106,1903.4314
15113,1782.8905
15120,1782.8905
15127,1797.9625
15134,1854.3010000000002
15141,1854.3010000000002
15148,1825.0810000000001
15155,1806.4985
15162,1806.4985
15169,1824.414
15176,1876.0859
15183,1876.0859
15190,1938.9817
15197,1913.1908
15204,1913.1908
15211,1875.6486
15218,1840.1079
15225,1840.1079
15232,1881.1431
15239,1973.3796
15246,1973.3796
15253,1944.7285
15260,1894.22
15267,1894.22
15274,1905.3463
15281,1911.9755
15288,1911.9755
15295,1904.6062
15302,1902.0698
15309,1902.0698
15316,1902.1155
15323,1818.2524
15330,1818.2524
15337,1892.2386
15344,1835.6489
15351,1835.6489
15358,1835.4972
15365,1843.9271
15372,1843.9271
15379,1889.2572
15386,1813.5334
15393,1789.2206
15400,1789.2206
15407,1881.8295
15414,1909.7981
15421,1909.7981
15428,1865.8964
15435,1849.2241
15442,1849.2241
15449,1818.9911
15456,1864.6985
15463,1864.6985
15470,1850.2769
15477,1888.0356
15484,1888.0356
15491,1906.4934
15498,1884.8733
15505,1884.8733
15512,1938.4589999999998
15519,1874.7039
15526,1874.7039
15533,1850.3561
15540,1853.4
15547,1853.4
15554,1911.8142
15561,1909.2808
15568,1909.2808
15575,1890.2688
15582,1907.0186
15589,1907.0186
15596,1857.8481
15603,1862.3704
15610,1862.3704
15617,1886.3584
15624,1727.0367
15631,1727.0367
15638,1757.7479999999998
15645,1768.5178
15652,1768.5178
15659,1768.1056
15666,1707.4723
15673,1707.4723
15680,1771.215
15687,1821.9417
15694,1821.9417
15701,1818.2169
15708,1823.7543
15715,1823.7543
15722,1838.8239
15729,1835.9719
15736,1835.9719
15743,1795.3502
15750,1838.7402
15757,1838.7402
15764,1856.9492
15771,1878.975
15778,1878.975
15785,1859.5934
15792,1873.8158
15799,1980.1670000000001
15806,1980.1670000000001
15813,2060.4548
15820,1966.9642
15827,1966.9642
15834,1903.3086
15841,1946.2797
15848,1946.2797
15855,1962.2367
15862,1964.3993
15869,1964.3993
15876,1951.889
15883,1993.1434
15890,1993.1434
15897,1984.8042
15904,1914.9093
15911,1914.9093
15918,1942.257
15925,1947.944
15932,1947.944
15939,1975.2198
15946,1980.4647
15953,1980.4647
15960,1991.3301
15967,2071.6042
15974,2071.6042
15981,2066.4314
15988,2040.4381
15995,2040.4381
16002,2015.9237
16009,2037.1616
16016,2037.1616
16023,2078.57
16030,2061.8538
16037,2061.8538
16044,2077.356
16051,2085.3303
16058,2085.3303
16065,2043.0996
16072,2072.553
16079,2072.553
16086,2062.8813
16093,2063.3513
16100,2063.3513
16107,2000.9260000000002
16114,2082.3533
16121,2082.3533
16128,2078.5623
16135,2027.9657
16142,2027.9657
16149,2030.5212
16156,2063.4106
16163,1991.8467
16170,1991.8467
16177,2064.1484
16184,2069.1074
16191,2069.1074
16198,2067.2124
16205,2152.0264
16212,2152.0264
16219,2180.9592
16226,2126.5242
16233,2126.5242
16240,2114.7617
16247,2143.1084
16254,2143.1084
16261,2103.117
16268,2137.2334
16275,2137.2334
16282,2107.3909
16289,2031.1421
16296,2031.1421
16303,2124.2546
16310,2123.2156
16317,2123.2156
16324,2139.2607
16331,2126.7297
16338,2126.7297
16345,2124.8032
16352,2084.6987
16359,2084.6987
16366,2182.1462
16373,2172.7183
16380,2172.7183
16387,2181.2559
16394,2093.3071
16401,2093.3071
16408,2124.5242
16415,2127.1597
16422,2127.1597
16429,2156.1235
16436,2157.5735
16443,2157.5735
16450,2131.4302
16457,2139.1963
16464,2139.1963
16471,2161.7815
16478,2170.3225
16485,2170.3225
16492,2237.1245
16499,2225.033
16506,2225.033
16513,2191.9429
16520,2193.0935
16527,2246.518
16534,2246.518
16541,2256.2961
16548,2194.0356
16555,2194.0356
16562,2190.4214
16569,2150.6963
16576,2150.6963
16583,2110.7058
16590,2136.195
16597,2136.195
16604,2128.311
16611,2109.8867
16618,2109.8867
16625,2150.6733
16632,2156.2393
16639,2156.2393
16646,2200.161
16653,2206.0022
16660,2206.0022
16667,2237.3381
16674,2318.8413
16681,2318.8413
16688,2256.4456
16695,2244.469
16702,2244.469
16709,2242.7336
16716,2234.5593
16723,2234.5593
16730,2278.246
16737,2213.3228
16744,2213.3228
16751,2198.1245
16758,2241.71
16765,2241.71
16772,2284.9846
16779,2254.2126
16786,2254.2126
16793,2230.8865
16800,2281.334
16807,2281.334
16814,2251.7644
16821,2253.3098
16828,2253.3098
16835,2313.0369
16842,2238.924
16849,2238.924
16856,2305.7456
16863,2345.9128
16870,2345.9128
16877,2441.1514
16884,2334.077
16891,2334.077
16898,2356.0393
16905,2412.7470000000003
16912,2412.7470000000003
16919,2439.288
16926,2393.754
16933,2393.754
16940,2421.5315
16947,2446.5935
16954,2446.5935
16961,2470.629
16968,2413.3909
16975,2413.3909
16982,2419.5386
16989,2422.3757
16996,2422.3757
17003,2417.3052
17010,2327.9210000000003
17017,2289.2637
17024,2289.2637
17031,2368.186
17038,2368.186
17045,2370.5518
17052,2312.8188
17059,2363.8923
17066,2363.8923
17073,2376.1665
17080,2357.243
17087,2357.243
17094,2372.8367
17101,2456.0718
17108,2456.0718
17115,2379.3362
17122,2328.535
17129,2328.535
17136,2376.3833
17143,2341.4011
17150,2341.4011
17157,2345.8086
17164,2350.2336
17171,2350.2336
17178,2358.1465
17185,2396.7234
17192,2396.7234
17199,2442.4224
17206,2456.5095
17213,2456.5095
17220,2584.5398
17227,2609.7673
17234,2609.7673
17241,2409.847
17248,2399.908
17255,2399.908
17262,2325.4429
17269,2376.2732
17276,2376.2732
17283,2529.3208
17290,2512.698
17297,2512.698
17304,2515.8713
17311,2501.6033
17318,2501.6033
17325,2632.8438
17332,2629.5647
17339,2629.5647
17346,2657.0474
17353,2720.3325
17360,2720.3325
17367,2678.5623
17374,2587.837
17381,2587.837
17388,2471.9094
17395,2469.3604
17402,2469.3604
17409,2440.5557
17416,2390.672
17423,2390.672
17430,2367.5996
17437,2480.8196
17444,2480.8196
17451,2480.0635
17458,2553.1304
17465,2553.1304
17472,2505.028
17479,2488.2068
17486,2488.2068
17493,2441.6611
17500,2375.8992
17507,2436.8062
17514,2436.8062
17521,2418.3901
17528,2491.7156
17535,2491.7156
17542,2473.627
17549,2541.3826
17556,2541.3826
17563,2484.0947
17570,2489.5276
17577,2489.5276
17584,2459.3403
17591,2437.3167
17598,2437.3167
17605,2430.4866
17612,2473.0732
17619,2473.0732
17626,2425.7764
17633,2455.7576
17640,2455.7576
17647,2443.8745
17654,2338.4478
17661,2338.4478
17668,2306.0288
17675,2390.4297
17682,2390.4297
17689,2400.275
17696,2383.7908
17703,2383.7908
17710,2401.0293
17717,2463.8203
17724,2463.8203
17731,2391.0337
17738,2417.4639
17745,2417.4639
17752,2354.7651
17759,2447.16
17766,2447.16
17773,2409.18
17780,2279.3089999999997
17787,2279.3089999999997
17794,2266.5334
17801,2266.8992
17808,2266.8992
17815,2192.8496
17822,2221.3147
17829,2221.3147
17836,2248.695
17843,2164.638
17850,2164.638
17857,2184.149
17864,2153.8293
17871,2153.8293
17878,2143.1223
17885,2123.4324
17892,2123.4324
17899,2198.8108
17906,2226.346
17913,2226.346
17920,2205.0232
17927,2193.3447
17934,2193.3447
17941,2176.1292
17948,2306.104
17955,2351.7112
17962,2351.7112
17969,2427.2039999999997
17976,2302.179
17983,2302.179
17990,2216.8196
17997,2180.2932
18004,2180.2932
18011,2199.9448
18018,2190.8784
18025,2190.8784
18032,2130.0798
18039,2193.5747
18046,2193.5747
18053,2109.8213
18060,2184.7336
18067,2184.7336
18074,2123.2329999999997
18081,2130.4692
18088,2130.4692
18095,2137.756
18102,2145.866
18109,2145.866
18116,2109.4167
18123,2076.7537
18130,2076.7537
18137,2078.3452
18144,2058.6252
18151,2058.6252
18158,2056.9353
18165,1990.915
18172,1990.915
18179,2057.4912
18186,2015.7565
18193,2015.7565
18200,2056.156
18207,1964.9941
18214,1964.9941
18221,1921.2677
18228,1922.7201
18235,1922.7201
18242,1879.9344
18249,1916.1133
18256,1916.1133
18263,1907.305
18270,1914.7692
18277,1914.7692
18284,1908.1611
18291,1898.9591
18298,1898.9591
18305,1874.5781
18312,1893.9523
18319,1893.9523
18326,1871.5004
18333,1848.0996
18340,1848.0996
18347,1847.8099
18354,1809.1318
18361,1809.1318
18368,1774.068
18375,1717.7034
18382,1717.7034
18389,1732.0741
18396,1691.2905
18403,1691.2905
18410,1679.6351
18417,1648.9872
18424,1661.431
18431,1661.431
18438,1624.3447
18445,1580.6786
18452,1580.6786
18459,1578.5242
18466,1553.6508
18473,1553.6508
18480,1576.7787
18487,1567.0453
18494,1567.0453
18501,1579.8481
18508,1643.461
18515,1643.461
18522,1632.1301
18529,1601.9313
18536,1601.9313
18543,1546.6637
18550,1540.4142
18557,1540.4142
18564,1562.3374
18571,1604.3507
18578,1604.3507
18585,1580.8641
18592,1576.5371
18599,1576.5371
18606,1503.0795
18613,1529.4185
18620,1529.4185
18627,1545.2545
18634,1556.0038
18641,1556.0038
18648,1445.1665
18655,1480.611
18662,1480.611
18669,1459.3569
18676,1434.5194
18683,1434.5194
18690,1439.6998
18697,1436.1455
18704,1436.1455
18711,1431.2262
18718,1420.3109
18725,1420.3109
18732,1401.2184
18739,1429.3876
18746,1429.3876
18753,1417.5596
18760,1445.5549
18767,1445.5549
18774,1418.9955
18781,1414.8029
18788,1414.8029
18795,1420.4332
18802,1426.1089
18809,1426.1089
18816,1431.2523
18823,1431.2391
18830,1430.5137
18837,1430.5137
18844,1477.7520000000002
18851,1428.5279999999998
18858,1428.5279999999998
18865,1404.5167
18872,1446.2192
18879,1446.2192
18886,1489.7158
18893,1431.9542
18900,1431.9542
18907,1382.1975
18914,1411.2456
18921,1411.2456
18928,1393.6860000000001
18935,1390.4642
18942,1390.4642
18949,1405.7605
18956,1393.7679999999998
18963,1393.7679999999998
18970,1384.1381
18977,1404.4104
18984,1404.4104
18991,1382.5856
18998,1440.3147
19005,1440.3147
19012,1417.1971
19019,1372.8285
19026,1372.8285
19033,1328.3231
19040,1299.7145
19047,1299.7145
19054,1274.969
19061,1279.0458
19068,1279.0458
19075,1250.4473
19082,1258.6298
19089,1258.6298
19096,1273.0876
19103,1296.3981
19110,1296.3981
19117,1268.9254
19124,1295.0833
19131,1295.0833
19138,1276.507
19145,1289.404
19152,1289.404
19159,1245.1647
19166,1244.7396
19173,1244.7396
19180,1283.6603
19187,1296.756
19194,1296.756
19201,1327.0995
19208,1285.0682
19215,1285.0682
19222,1280.0613
19229,1276.2728
19236,1276.2728
19243,1262.3812
19250,1271.2848
19257,1286.0079
19264,1286.0079
19271,1297.1017
19278,1252.9392
19285,1252.9392
19292,1238.0956
19299,1251.8313
19306,1251.8313
19313,1237.9557
19320,1286.2026
19327,1286.2026
19334,1259.9402
19341,1279.0939
19348,1279.0939
19355,1235.6035
19362,1238.2365
19369,1238.2365
19376,1213.6866
19383,1222.7186
19390,1222.7186
19397,1208.2662
19404,0.0
19411,0.0
19418,138.14139
19425,159.38556
19432,159.38556
19439,199.8748
19446,211.0478
19453,211.0478
19460,217.33212000000003
19467,230.44135
19474,230.44135
19481,224.84802000000002
19488,241.91895
19495,241.91895
19502,256.55862
19509,256.55862
19516,256.5608
19523,240.70677
19530,240.70677
19537,261.871
19544,286.74326
19551,286.74326
19558,261.99994
19565,261.99994
19572,269.06023999999996
19579,272.48883
19586,272.48883
19593,310.86703
19600,310.86703
19607,305.2181
19614,305.2181
19621,317.68216
19628,305.58826
19635,305.58826
19642,292.8501
19649,280.49737999999996
19656,280.49737999999996
19663,302.71332
19670,302.71332
19677,300.78213999999997
19684,300.78213999999997
19691,298.50275
19698,311.036
19705,311.036
19712,291.5012
19719,291.5012
19726,284.81253
19733,284.81253
19740,281.73566
19747,278.3918
19754,278.3918
19761,288.23413
19768,303.97742
19775,328.95047
19782,328.95047
19789,316.70486
19796,299.8639
19803,299.8639
19810,278.48575
19817,278.48575
19824,293.54898
19831,315.48233
19838,315.48233
19845,311.55356
19852,311.55356
19859,344.08585
19866,352.15744
19873,352.15744
19880,378.1345
19887,394.42812999999995
19894,394.42812999999995
19901,380.08477999999997
19908,386.0493
19915,386.0493
19922,358.5987
19929,393.84792999999996
19936,393.84792999999996
19943,396.0904
19950,383.44757000000004
19957,383.44757000000004
19964,391.37323
19971,391.37323
19978,366.20645
19985,345.29703
19992,345.29703
19999,354.3828
20006,354.3828
20013,364.33087
20020,383.4872
20027,383.4872
20034,396.85776
20041,383.5118
20048,383.5118
20055,390.1925
20062,433.6976
20069,433.6976
20076,436.26154
20083,432.84402
20090,432.84402
20097,428.91695999999996
20104,428.91695999999996
20111,455.94714000000005
20118,446.63406
20125,446.63406
20132,477.89752000000004
20139,477.89752000000004
20146,471.16666
20153,479.9907
20160,479.9907
20167,506.99402000000003
20174,496.96634000000006
20181,496.96634000000006
20188,500.03595
20195,489.8822
20202,489.8822
20209,522.31354
20216,459.86102
20223,459.86102
20230,459.86102
20237,480.41805999999997
20244,480.41805999999997
20251,502.8427
20258,506.97475999999995
20265,506.97475999999995
20272,519.86646
20279,487.61472000000003
20286,487.61472000000003
20293,542.1891
20300,533.3776
20307,533.3776
20314,528.8911
20321,508.74377000000004
20328,508.74377000000004
20335,509.38184
20342,509.38184
20349,527.97186
20356,571.6078
20363,571.6078
20370,519.02765
20377,514.7893
20384,514.7893
20391,536.94214
20398,536.94214
20405,534.6626
20412,541.3041
20419,541.3041
20426,549.6602
20433,560.09515
20440,560.09515
20447,561.6013
20454,561.6013
20461,580.37146
20468,601.93744
20475,601.93744
20482,595.0488
20489,600.68243
20496,600.68243
20503,591.0996
20510,592.6544
20517,592.6544
20524,609.2040400000001
20531,669.8559
20538,669.8559
20545,616.8841
20552,612.9393299999999
20559,612.9393299999999
20566,583.1519999999999
20573,619.3392299999999
20580,619.3392299999999
20587,596.3196
20594,596.3196
20601,612.9107
20608,609.8401
20615,609.8401
20622,578.2804
20629,578.2804
20636,578.2804
20643,600.8281
20650,600.8281
20657,635.2056
20664,622.99963
20671,622.99963
20678,682.6468
20685,682.6468
20692,698.3594400000001
20699,695.0431
20706,695.0431
20713,712.6844
20720,735.79645
20727,735.79645
20734,734.67114
20741,757.1006
20748,757.1006
20755,723.67584
20762,783.87274
20769,783.87274
20776,773.8432
20783,776.4780000000001
20790,776.4780000000001
20797,774.2918
20804,774.2918
20811,808.6345
20818,820.5402
20825,820.5402
20832,814.0158
20839,816.4343
20846,816.4343
20853,807.0515
20860,807.0515
20867,852.2180000000001
20874,857.95825
20881,857.95825
20888,870.34705
20895,850.27496
20902,850.27496
20909,848.8412
20916,895.0160000000001
20923,895.0160000000001
20930,904.4096699999999
20937,894.42523
20944,894.42523
20951,862.88043
20958,899.2968
20965,899.2968
20972,880.1560000000001
20979,880.1560000000001
20986,914.4463
20993,893.7822
21000,893.7822
21007,934.6733
21014,941.3256
21021,941.3256
21028,956.6329
21035,938.64636
21042,938.64636
21049,946.44525
21056,1000.66
21063,1000.66
21070,974.77954
21077,941.2723
21084,941.2723
21091,983.6893
21098,999.2587
21105,999.2587
21112,1009.6128
21119,978.8581
21126,978.8581
21133,991.2515
21140,1021.41595
21147,1021.41595
21154,1034.2509
21161,1046.3048
21168,1046.3048
21175,1040.171
21182,1060.782
21189,1060.782
21196,1070.7919
21203,1109.3394
21210,1109.3394
21217,1089.9371
21224,1163.2959
21231,1127.615
21238,1127.615
21245,1135.1680000000001
21252,1123.1362
21259,1123.1362
21266,1090.3323
21273,1125.2726
21280,1125.2726
21287,1116.5085
21294,1118.9191
21301,1118.9191
21308,1113.3043
21315,1110.7911
21322,1110.7911
21329,1131.6
21336,1131.4303
21343,1131.4303
21350,1188.3707
21357,1178.8564
21364,1178.8564
21371,1184.3871
21378,1201.1492
21385,1201.1492
21392,1293.1233
21399,1293.1233
21406,1243.2007
21413,1236.0446
21420,1236.0446
21427,1167.675
21434,1241.7306
21441,1241.7306
21448,1223.1381
21455,1220.3491
21462,1220.3491
21469,1200.0182
21476,1220.5426
21483,1220.5426
21490,1205.3885
21497,1172.5791
21504,1172.5791
21511,1170.36
21518,1154.4358
21525,1154.4358
21532,1146.5205
21539,1150.317
21546,1150.317
21553,1154.3239999999998
21560,1194.9816
21567,1194.9816
21574,1187.721
21581,1133.6626
21588,1133.6626
21595,1095.7106
21602,1071.4976
21609,1071.4976
21616,1104.7
21623,1100.0155
21630,1100.0155
21637,1068.8059
21644,1050.5734
21651,1061.6492
21658,1061.6492
21665,1070.3904
21672,1071.6136
21679,1071.6136
21686,1104.9783
21693,1111.2639
21700,1111.2639
21707,1111.3589
21714,1115.5282
21721,1115.5282
21728,1144.7014
21735,1115.6805
21742,1115.6805
21749,1166.3583
21756,1181.5032
21763,1181.5032
21770,1132.0221
21777,1197.1655
21784,1197.1655
21791,1212.075
21798,1175.5731
21805,1175.5731
21812,1167.8754
21819,1189.9192
21826,1189.9192
21833,1198.5067
21840,1191.7306
21847,1191.7306
21854,1208.3748
21861,1204.2571
21868,1204.2571
21875,1237.266
21882,1205.969
21889,1205.969
21896,1178.3828
21903,1182.4132
21910,1182.4132
21917,1246.5795
21924,1247.6084
21931,1247.6084
21938,1259.9923
21945,1256.9053
21952,1256.9053
21959,1274.7993
21966,1260.5449
21973,1260.5449
21980,1335.4288
21987,1304.8383
21994,1384.4559
22001,1384.4559
22008,1347.3959
22015,1381.3743
22022,1381.3743
22029,1340.4813
22036,1364.3156
22043,1364.3156
22050,1350.7102
22057,1361.1548
22064,1361.1548
22071,1381.9078
22078,1347.0369
22085,1347.0369
22092,1387.9241
22099,1331.0868
22106,1331.0868
22113,1299.3074
22120,1378.7106
22127,1378.7106
22134,1440.4519
22141,1418.4417
22148,1418.4417
22155,1365.57
22162,1432.5354
22169,1432.5354
22176,1440.4423
22183,1428.0198
22190,1428.0198
22197,1415.6183
22204,1428.2056
22211,1428.2056
22218,1470.4485
22225,1427.2244
22232,1427.2244
22239,1461.1758
22246,1480.4469
22253,1480.4469
22260,1499.1785
22267,1483.7305
22274,1483.7305
22281,1430.5094
22288,1403.8004
22295,1403.8004
22302,1532.7434
22309,1556.5026
22316,1556.5026
22323,1587.4701
22330,1552.2039
22337,1552.2039
22344,1548.7786
22351,1545.8837
22358,1545.8837
22365,1545.8589
22372,1555.3309
22379,1555.3309
22386,1622.5529999999999
22393,1591.4694
22400,1591.4694
22407,1652.885
22414,1618.085
22421,1626.8969
22428,1626.8969
22435,1644.4568
22442,1644.7395
22449,1644.7395
22456,1609.3339
22463,1540.1654
22470,1540.1654
22477,1613.9437
22484,1567.4663
22491,1567.4663
22498,1578.0399
22505,1541.2789
22512,1541.2789
22519,1461.0575
22526,1490.3531
22533,1490.3531
22540,1460.2483
22547,1436.6454
22554,1436.6454
22561,1394.7183
22568,1389.5125
22575,1389.5125
22582,1356.9733
22589,1476.6492
22596,1476.6492
22603,1439.7382
22610,1464.2874
22617,1464.2874
22624,1454.4427
22631,1506.3138
22638,1506.3138
22645,1427.0579
22652,1419.1470000000002
22659,1419.1470000000002
22666,1435.0884
22673,1497.9178
22680,1497.9178
22687,1491.1031
22694,1491.1031
22701,1481.7393
22708,1432.9406
22715,1432.9406
22722,1428.644
22729,1453.6431
22736,1453.6431
22743,1451.2511
22750,1449.4205
22757,1449.4205
22764,1458.8921
22771,1480.3054
22778,1514.1636
22785,1514.1636
22792,1522.1046
22799,1654.5944
22806,1654.5944
22813,1606.3287
22820,1629.8796
22827,1629.8796
22834,1607.6045
22841,1649.9036
22848,1649.9036
22855,1582.4129999999998
22862,1640.763
22869,1640.763
22876,1639.9958
22883,1643.6027
22890,1643.6027
22897,1641.5753
22904,1584.1489
22911,1584.1489
22918,1604.4885
22925,1634.6256
22932,1634.6256
22939,1539.489
22946,1570.8575
22953,1570.8575
22960,1601.5054
22967,1573.2849
22974,1573.2849
22981,1550.2966
22988,1548.9391
22995,1548.9391
23002,1533.5834
23009,1505.6694
23016,1505.6694
23023,1502.8970000000002
23030,1570.6884
23037,1570.6884
23044,1559.3972
23051,1522.5895
23058,1522.5895
23065,1497.8684
23072,1556.7728
23079,1556.7728
23086,1653.2638
23093,1594.8715
23100,1594.8715
23107,1585.9603
23114,1636.2793
23121,1636.2793
23128,1589.1033
23135,1635.4023
23142,1655.0978
23149,1655.0978
23160,1586.8346
23167,1586.8346
23174,1615.526
23181,1605.3145
23188,1605.3145
23195,1603.9103
23202,1580.9470000000001
23209,1580.9470000000001
23216,1587.2103
23223,1566.9144
23230,1566.9144
23237,1585.1396
23244,1577.0653
23251,1577.0653
23258,1664.4193
23265,1689.421
23272,1689.421
23279,1727.908
23286,1657.6113
23293,1657.6113
23300,1574.3132
23307,1524.6381
23314,1524.6381
23321,1507.7914
23328,1533.4789
23335,1533.4789
23342,1586.4896
23349,1574.592
23356,1574.592
23363,1593.2301
23370,1621.2927
23377,1621.2927
23384,1638.5166
23391,1688.3193
23398,1688.3193
23405,1711.8016
23412,1650.3066
23419,1650.3066
23426,1595.3293
23433,1592.6129999999998
23440,1592.6129999999998
23447,1699.2957
23454,1724.6399
23461,1724.6399
23468,1748.535
23475,1754.3596
23482,1762.8352
23489,1762.8352
23496,1784.1559
23503,1745.3798
23510,1745.3798
23517,1765.0624
23524,1716.3917
23531,1716.3917
23538,1697.6674
23545,1722.9812
23552,1722.9812
23559,1690.3896
23566,1653.6827
23573,1653.6827
23580,1728.5547
23587,1738.8141
23594,1738.8141
23601,1716.7363
23608,1742.2662
23615,1742.2662
23622,1665.9618
23629,1619.0795
23636,1619.0795
23643,1530.8633
23650,1503.59
23657,1503.59
23664,1604.6058
23671,1580.7063
23678,1580.7063
23685,1585.7109
23692,1579.1819
23699,1579.1819
23706,1597.6144
23713,1643.7047
23720,1643.7047
23727,1677.3329999999999
23734,1620.0505
23741,1620.0505
23748,1615.088
23755,1606.0082
23762,1606.0082
23769,1607.8716
23776,1616.7472
23783,1616.7472
23790,1595.5222
23797,1664.8905
23804,1664.8905
23811,1632.4617
23818,1663.1606
23825,1663.1606
23832,1676.4489
23839,1706.8064
23846,1706.8064
23853,1683.8754
23860,1665.8254
23867,1665.8254
23874,1697.9176
23881,1795.4868
23888,1795.4868
23895,1806.453
23902,1820.0588
23909,1820.0588
23916,1807.3771
23923,1807.5781
23930,1818.6771
23937,1818.6771
23944,1854.7933
23951,1765.4353
23958,1765.4353
23965,1792.2933
23972,1809.4087
23979,1809.4087
23986,1795.3813
23993,1843.3706
24000,1843.3706
24007,1778.9772
24014,1804.4216
24021,1804.4216
24028,1782.2888
24035,1783.0214
24042,1783.0214
24049,1830.356
24056,1865.3715
24063,1865.3715
24070,1830.7456
24077,1796.7449
24084,1796.7449
24091,1809.3151
24098,1874.249
24105,1874.249
24112,1843.0182
24119,1803.9673
24126,1803.9673
24133,1836.9124
24140,1793.1245
24145,1793.1245
24150,1816.8243
24157,1808.6758
24164,1808.6758
24171,1808.9688
24178,1765.4188
24185,1765.4188
24192,1757.1638
24199,1704.1348
24206,1704.1348
24213,1780.6246
24220,1647.7146
24227,1647.7146
24234,1585.1553
24241,1609.0027
24248,1609.0027
24255,1537.6982
24262,1514.5183
24269,1514.5183
24276,1571.5565
24283,1554.8698
24290,1554.8698
24297,1559.7631
24304,1589.1472
24311,1589.1472
24318,1592.6692
24325,1550.836
24332,1552.2042
24339,1552.2042
24346,1588.3976
24353,1537.017
24360,1537.017
24367,1476.592
24374,1520.2922
24381,1520.2922
24388,1496.4105
24395,1467.5829999999999
24402,1467.5829999999999
24409,1396.8069
24416,1423.3367
24423,1423.3367
24430,1436.1232
24437,1482.4767
24444,1482.4767
24451,1513.876
24458,1466.255
24465,1466.255
24472,1494.4246
24479,1489.9904
24486,1489.9904
24493,1491.6262
24500,1494.4465
24507,1494.4465
24514,1548.7218
24521,1594.4028
24528,1594.4028
24535,1559.9662
24542,1614.3561
24549,1614.3561
24556,1613.5782
24563,1694.4738
24570,1694.4738
24577,1676.6859
24584,1671.2278
24591,1671.2278
24598,1615.8788
24605,1653.8385
24612,1653.8385
24619,1661.003
24626,1665.0848
24633,1665.0848
24640,1706.3073
24647,1714.0188
24654,1714.0188
24661,1642.989
24668,1698.2064
24675,1698.2064
24682,1713.3914
24689,1660.7831
24696,1660.7831
24703,1643.2108
24710,1714.2354
24717,1714.2354
24724,1752.1558
24731,1728.9008
24738,1728.9008
24745,1675.8039999999999
24752,1672.1106
24759,1672.1106
24766,1614.1715
24773,1597.1392
24780,1597.1392
24787,1682.1975
24794,1686.3484
24801,1684.1852
24808,1684.1852
24815,1655.496
24822,1662.1383
24829,1662.1383
24836,1677.2736
24843,1590.0415
24850,1590.0415
24857,1560.7433
24864,1537.6277
24871,1537.6277
24878,1533.4974
24885,1603.9469
24892,1603.9469
24899,1683.9281
24906,1641.0494
24913,1641.0494
24920,1695.7819
24927,1641.4218
24934,1641.4218
24941,1603.5618
24948,1600.7706
24955,1600.7706
24962,1577.0464
24969,1623.9501
24976,1623.9501
24983,1654.4583
24990,1584.777
24997,1584.777
25004,1567.6948
25011,1574.6675
25018,1574.6675
25025,1612.1038
25032,1593.6099
25039,1593.6099
25046,1529.9943
25053,1572.45
25060,1572.45
25067,1575.1396
25074,1639.7086
25081,1639.7086
25088,1682.6807
25095,1675.4078
25102,1675.4078
25109,1672.6124
25116,1685.0881
25123,1685.0881
25130,1659.6149
25137,1603.1063
25144,1603.1063
25151,1772.5726
25158,1781.0957
25165,1781.0957
25172,1816.6461
25179,1706.3103
25186,1706.3103
25193,1768.2041
25200,1732.6979
25207,1732.6979
25214,1694.8348
25221,1673.777
25228,1673.777
25235,1657.5609
25242,1679.0533
25249,1733.8887
25256,1733.8887
25263,1739.5706
25270,1752.66
25277,1752.66
25284,1781.7986
25291,1701.6907
25298,1701.6907
25305,1679.0353
25312,1749.0814
25319,1749.0814
25326,1729.1497
25333,1774.395
25340,1774.395
25347,1848.1738
25354,1786.3962
25361,1786.3962
25368,1811.9629
25375,1784.2163
25382,1784.2163
25389,1793.806
25396,1761.0665
25403,1761.0665
25410,1838.5379999999998
25417,1825.9796
25424,1825.9796
25431,1819.7115
25438,1825.8359
25445,1825.8359
25452,1798.6455
25459,1830.2639
25466,1830.2639
25473,1804.8118
25480,1799.9435
25487,1799.9435
25494,1721.4943
25501,1723.0089
25508,1723.0089
25515,1759.2034
25522,1721.6226
25529,1721.6226
25536,1710.4305
25543,1764.8794
25550,1764.8794
25557,1798.7484
25564,1793.9113
25571,1793.9113
25578,1837.2003
25585,1774.775
25592,1774.775
25599,1739.9431
25606,1696.3328
25613,1735.8353
25620,1742.9546
25627,1742.9546
25634,1665.7463
25641,1687.54
25648,1687.54
25655,1707.2385
25662,1681.2269
25669,1681.2269
25676,1669.1632
25683,1729.9788
25690,1729.9788
25697,1722.5538
25704,1685.81
25711,1683.8817
25718,1683.8817
25725,1669.1107
25732,1650.0532
25739,1650.0532
25746,1649.7072
25753,1634.8658
25760,1634.8658
25767,1702.7936
25774,1665.2289
25781,1665.2289
25788,1723.2112
25795,1687.8588
25802,1687.8588
25809,1775.0316
25816,1773.3417
25823,1773.3417
25830,1740.931
25837,1689.0066
25844,1689.0066
25851,1740.6874
25858,1768.539
25865,1768.539
25872,1770.7089999999998
25879,1835.4307
25886,1835.4307
25893,1797.9386
25900,1810.5908
25907,1810.5908
25914,1773.6487
25921,1810.8451
25928,1810.8451
25935,1835.879
25942,1783.7509
25949,1783.7509
25956,1868.2479
25963,1943.5834
25970,1943.5834
25977,1984.5876
25984,2133.5532
25991,2133.5532
25998,2082.3755
26005,1985.8853
26012,1985.8853
26019,1904.3618
26026,1911.4308
26033,1911.4308
26040,1945.8234
26047,1869.3982
26054,1869.3982
26061,1898.0867
26068,1944.2362
26075,1944.2362
26082,1964.2417
26089,1993.8975
26096,1993.8502
26103,1993.8502
26110,1921.6825
26117,1878.9945
26124,1878.9945
26131,1909.8004
26138,1930.9324
26145,1930.9324
26152,1904.6522
26159,2040.4889
26166,2085.891
26173,2033.3057
26180,2033.3057
26187,2047.4888
26194,2043.915
26201,2043.915
26208,2031.6698
26215,1988.8849
26222,1988.8849
26229,1985.5739
26236,2019.8204
26243,2019.8204
26250,2049.1875
26257,1974.1992
26264,1974.1992
26271,2028.7108
26278,1998.6573
26285,1998.6573
26292,2034.6594
26299,1976.7479999999998
26306,1976.7479999999998
26313,1985.6215
26320,1989.4071
26327,1989.4071
26334,1920.3948
26341,1936.1666
26348,1936.1666
26355,1936.4532
26362,1978.7720000000002
26369,1978.7720000000002
26376,2048.5212
26383,2169.922
26390,2169.922
26397,2210.4648
26404,2189.479
26411,2189.479
26418,2160.973
26425,2086.2366
26432,2086.2366
26439,2135.4768
26446,2136.4043
26453,2136.4043
26460,2014.9641
26467,2027.3438
26474,2027.3438
26481,2057.345
26488,1992.26
26495,1992.26
26502,1985.7603
26509,1914.8643
26516,1914.8643
26523,1913.371
26530,1894.2095
26537,1894.2095
26544,1944.0283
26551,1862.1937
26558,1883.5814
26565,1883.5814
26572,1907.0598
26579,1893.8
26586,1893.8
26593,2036.3228
26600,2013.0607
26607,2013.0607
26614,1897.6593
26621,1933.6967
26628,1933.6967
26635,2047.1189
26642,1977.1282
26649,1977.1282
26656,1881.0522
26663,1887.2272
26670,1887.2272
26677,1887.8596
26684,1905.8446
26691,1905.8446
26698,1937.5294
26705,2104.5515
26712,2104.5515
26719,2098.9448
26726,2044.469
26733,2044.469
26740,1962.5293
26747,1966.7942
26754,1966.7942
26761,2018.4799
26768,2125.8774
26775,2125.8774
26782,2152.241
26789,2171.0806
26796,2171.0806
26803,2167.8716
26810,2102.2922
26817,2102.2922
26824,2115.3535
26831,2073.2095
26838,2073.2095
26845,2098.2527
26852,2030.2439
26859,2030.2439
26866,2034.8798
26873,2032.1346
26880,2032.1346
26887,1987.9515
26894,2042.4156
26901,2042.4156
26908,2073.8894
26915,2076.4111
26922,2076.4111
26929,2106.1191
26936,2194.5466
26943,2194.5466
26950,2150.6013
26957,2211.4436
26964,2211.4436
26971,2217.2761
26978,2359.4976
26985,2359.4976
26992,2260.791
26999,2263.3174
27006,2164.4646
27013,2164.4646
27020,2143.1184
27027,2059.8074
27034,2059.8074
27041,1975.2936
27048,1953.9021
27055,1953.9021
27062,2016.3422
27069,2020.9208
27076,2020.9208
27083,2017.1011
27090,2079.749
27097,2079.749
27104,2054.2505
27111,2024.5038
27118,2024.5038
27125,2054.8909
27132,2148.758
27139,2148.758
27146,2196.8584
27153,2267.0981
27160,2267.0981
27167,2249.0552
27174,2384.2239
27181,2384.2239
27188,2440.6565
27195,2378.4697
27202,2378.4697
27209,2397.8193
27216,2440.864
27223,2440.864
27230,2420.1404
27237,2374.4320000000002
27244,2374.4320000000002
27251,2329.9094
27258,2377.0996
27265,2377.0996
27272,2335.1839999999997
27279,2274.29
27286,2274.29
27293,2306.6536
27300,2389.8167
27307,2389.8167
27314,2371.7270000000003
27321,2466.769
27328,2466.769
27335,2373.745
27342,2342.2192
27349,2342.2192
27356,2356.746
27363,2137.2563
27370,2137.2563
27377,2158.9482
27384,2160.3813
27391,2160.3813
27398,2133.64
27405,2149.6620000000003
27412,2155.7493
27419,2155.7493
27426,2159.428
27433,2279.1116
27440,2279.1116
27447,2205.6636
27454,2331.7356
27461,2331.7356
27468,2309.2192
27475,2272.4116
27482,2272.4116
27489,2315.1624
27496,2283.2236
27503,2283.2236
27510,2308.8438
27517,2222.9475
27524,2222.9475
27531,2235.583
27538,2188.5134
27545,2188.5134
27552,2291.251
27559,2359.3115
27566,2359.3115
27573,2410.8665
27580,2397.495
27587,2397.495
27594,2365.2524
27601,2351.7197
27608,2351.7197
27615,2335.9629999999997
27622,2492.6306
27629,2492.6306
27636,2410.2646
27643,2330.5389999999998
27650,2330.5389999999998
27657,2298.19
27664,2215.2834
27671,2215.2834
27678,2218.9138
27685,2147.3562
27692,2147.3562
27699,2162.645
27706,2162.263
27713,2162.263
27720,2126.2515
27727,2124.1248
27734,2124.1248
27741,2157.8762
27748,2172.0820000000003
27755,2172.0820000000003
27762,2145.9006
27769,2177.7568
27776,2177.7568
27783,2105.7295
27790,2114.4875
27797,2114.4875
27804,2117.72
27811,2141.3625
27818,2141.3625
27825,2142.419
27832,2154.7485
27839,2154.7485
27846,2028.7305
27853,2070.65
27860,2070.65
27867,2027.8585
27874,1997.1968
27881,2001.1171
27888,2001.1171
27895,1977.5432
27902,1961.7213
27909,1961.7213
27916,1993.003
27923,1998.2528
27930,1998.2528
27937,2004.0142
27944,2044.1671
27951,2044.1671
27958,2062.0613
27965,2023.8553
27972,2023.8553
27979,1975.5881
27986,2063.6711
27993,2063.6711
28000,2066.3074
28007,2060.2979
28014,2060.2979
28021,2047.6613
28028,2066.6333
28035,2066.6333
28042,2060.1287
28049,2083.5571
28056,2083.5571
28063,1984.5731
28070,1963.4994
28077,1963.4994
28084,1961.2504
28091,1952.2113
28098,1952.2113
28105,1968.6741
28112,2000.2823
28119,2000.2823
28126,1984.0669
28133,1932.6528
28140,1932.6528
28147,1981.1425
28154,1936.3672
28161,1936.3672
28168,1901.986
28175,1898.536
28182,1898.536
28189,1831.7072
28196,1819.1678
28203,1819.1678
28210,1785.1421
28217,1768.205
28224,1768.205
28231,1764.5813
28238,1768.8577
28245,1768.8577
28252,1820.5934
28259,1865.9032
28266,1865.9032
28273,1878.7183
28280,1884.6993
28287,1884.6993
28294,1806.6833
28301,1773.2277
28308,1758.7572
28315,1758.7572
28322,1733.7896
28329,1770.4141
28336,1770.4141
28343,1810.1692
28350,1839.0596
28357,1839.0596
28364,1828.3573
28371,1745.8942
28378,1745.8942
28385,1664.3670000000002
28392,1683.362
28399,1683.362
28406,1699.8351
28413,1674.6107
28420,1674.6107
28427,1614.8827
28434,1558.4264
28441,1558.4264
28448,1583.1461
28455,1554.392
28462,1554.392
28469,1524.0016
28476,1551.1632
28483,1551.1632
28490,1541.2677
28497,1558.4031
28504,1558.4031
28511,1552.6964
28518,1538.5975
28525,1538.5975
28532,1572.5020000000002
28539,1496.7969
28546,1496.7969
28553,1488.1703
28560,1505.307
28567,1505.307
28574,1498.2609
28581,1486.891
28588,1486.891
28595,1483.7047
28602,1489.8607
28609,1489.8607
28616,1470.0383
28623,1442.6399
28630,1442.6399
28637,1454.1960000000001
28644,1473.9006
28651,1473.9006
28658,1439.8757
28665,1440.3139999999999
28672,1440.3139999999999
28679,1394.4358
28686,1389.4513
28693,1432.6913
28700,1432.6913
28707,1388.2303
28714,1430.2888
28721,1430.2888
28728,1447.342
28735,1437.4672
28742,1437.4672
28749,1432.4763
28756,1425.9054
28763,1425.9054
28770,1413.0929999999998
28777,1376.5017
28784,1376.5017
28791,1423.4188
28798,1398.1372
28805,1398.1372
28812,1404.6991
28819,1443.8484
28826,1443.8484
28833,1309.9532
28840,1273.399
28847,1273.399
28854,1301.496
28861,1346.2246
28868,1346.2246
28875,1362.0717
28882,1343.3794
28889,1343.3794
28896,1357.0061
28903,1337.5056
28910,1337.5056
28917,1343.7078
28924,1315.025
28931,1315.025
28938,1281.0016
28945,1283.5017
28952,1283.5017
28959,1322.2441
28966,1287.9331
28973,1287.9331
28980,1258.7786
28987,1258.6404
28994,1258.6404
29001,1220.4933
29008,1230.2789
29015,1230.2789
29022,1263.4109
29029,1265.4916
29036,1265.4916
29043,1256.272
29050,1297.0024
29057,1265.8022
29064,1265.8022
29071,1299.8235
29078,1280.9347
29085,1280.9347
29092,1226.8551
29099,1190.7368
29106,1190.7368
29113,1149.0197
29120,1186.1613
29127,1186.1613
29134,1222.4911
29141,1216.2719
29148,1216.2719
29155,1202.0164
29162,1224.9517
29169,1224.9517
29176,1195.8647
29183,1191.843
29190,1191.843
29197,1147.968
29204,1140.2057
29211,1140.2057
29218,1173.0319
29225,1187.917
29232,1187.917
29239,1140.1475
29246,1134.7509
29253,1134.7509
29260,0.0
29267,128.13356000000002
29274,128.13356000000002
29281,219.15926000000002
29288,201.8122
29295,201.8122
29302,219.5434
29309,219.5434
29316,273.48206
29323,273.48206
29330,299.11636
29337,282.53503
29344,282.53503
29351,265.05377000000004
29358,297.89563
29365,297.89563
29372,323.16226
29379,323.16226
29386,329.4422
29393,341.11804
29400,341.11804
29407,372.39943999999997
29414,397.84836
29421,397.84836
29428,406.64865
29435,406.64865
29442,417.24072
29449,408.6599
29456,408.6599
29463,395.68686
29470,424.17645
29477,424.17645
29484,398.79965
29491,381.8017
29498,381.8017
29505,366.68866
29512,366.68866
29519,366.58234
29526,395.67026
29533,395.67026
29540,388.819
29547,414.9877
29554,414.9877
29561,378.67166000000003
29568,378.67166000000003
29575,386.97742
29582,386.97742
29589,387.51804
29596,412.13486
29603,412.13486
29610,394.37032999999997
29617,426.92783
29624,426.92783
29631,449.71893
29638,441.971
29645,441.971
29652,464.3073
29659,464.3073
29666,474.92132999999995
29673,449.6726
29680,449.6726
29687,450.36282
29694,459.8505
29701,459.8505
29708,472.9311
29715,480.2665
29722,480.2665
29729,486.81567
29736,481.8116
29743,481.8116
29750,504.23285
29757,516.6513
29764,516.6513
29771,521.9962
29778,521.9962
29785,514.9219400000001
29792,518.2072
29799,518.2072
29806,528.2112
29813,482.4766
29820,482.4766
29827,482.97037
29834,490.69772
29841,490.69772
29848,501.07516
29855,477.81302
29862,477.81302
29869,487.93362
29876,486.14025999999996
29883,486.14025999999996
29890,469.49927
29897,472.37417999999997
29904,472.37417999999997
29911,475.3096
29918,444.3112
29925,444.3112
29932,443.31917999999996
29939,444.24277
29946,444.24277
29953,482.14557
29960,482.14557
29967,467.7778
29974,501.26052999999996
29981,501.26052999999996
29988,488.78525
29995,486.29388
30002,486.29388
30009,505.83633
30016,538.6314
30023,538.6314
30030,543.29395
30037,513.3672
30044,513.3672
30051,502.51273
30058,494.27393
30065,494.27393
30072,493.81207
30079,520.8913
30086,520.8913
30093,502.39767
30100,482.91074000000003
30107,482.91074000000003
30114,492.91927999999996
30121,492.91927999999996
30128,471.27907999999996
30135,487.79022000000003
30142,487.79022000000003
30149,509.15845
30156,468.8026
30163,468.8026
30170,482.03622
30177,482.03622
30184,470.5678
30191,520.7859
30198,520.7859
30205,514.6176
30212,514.6176
30219,490.04625999999996
30226,525.1288
30233,525.1288
30240,556.2105
30247,571.56683
30254,571.56683
30261,576.6703
30268,576.6703
30275,578.33704
30282,548.01166
30289,548.01166
30296,546.4058
30303,593.91766
30310,593.91766
30317,618.2628
30324,618.5182
30331,618.5182
30338,599.80304
30345,606.22797
30352,606.22797
30359,596.27747
30366,596.27747
30373,603.2201
30380,576.22974
30387,576.22974
30394,598.71765
30401,572.5754
30408,572.5754
30415,615.363
30422,578.5804400000001
30429,578.5804400000001
30436,554.88544
30443,554.88544
30450,555.4386
30457,556.3277
30464,556.3277
30471,560.1811
30478,560.1811
30485,602.3705
30492,576.2344
30499,576.2344
30506,582.38873
30513,579.3996
30520,579.3996
30527,607.744
30534,594.07965
30541,594.07965
30548,587.84235
30555,602.4067
30562,602.4067
30569,607.85455
30576,623.3956
30583,623.3956
30590,596.1489
30597,655.5531599999999
30604,655.5531599999999
30611,642.68823
30618,634.5708
30625,634.5708
30632,623.9335
30639,578.8297
30646,578.8297
30653,572.78973
30660,632.2097
30667,632.2097
30674,678.2261
30681,633.7834
30688,633.7834
30695,645.4657
30702,643.96204
30709,643.96204
30716,632.1824
30723,620.4655
30730,620.4655
30737,654.9166
30744,674.96655
30751,674.96655
30758,681.31256
30765,676.7924
30772,676.7924
30779,688.7262
30786,694.3692599999999
30793,694.3692599999999
30800,731.63586
30807,784.73016
30814,784.73016
30821,791.5018
30828,794.01624
30835,794.01624
30842,755.2746
30849,741.73755
30856,741.73755
30863,739.1792
30870,765.45215
30877,765.45215
30884,758.97974
30891,746.9810000000001
30898,746.9810000000001
30905,735.0707
30912,743.7121599999999
30919,743.7121599999999
30926,767.0299
30933,744.8603
30940,744.8603
30947,775.8117
30954,778.1588
30961,778.1588
30968,776.5699
30975,759.41907
30982,759.41907
30989,737.2246
30996,792.6708
31003,792.6708
31010,795.57434
31017,822.10895
31024,822.10895
31031,816.38257
31038,871.5392
31045,871.5392
31052,866.65436
31059,845.6756
31066,845.6756
31073,866.31665
31080,902.8197
31087,902.8197
31094,886.0168
31101,887.2796
31108,887.2796
31115,920.67896
31122,906.82135
31129,906.82135
31136,933.699
31143,949.55853
31150,949.55853
31157,931.9383
31164,921.19653
31171,921.19653
31178,962.5724
31185,937.3330699999999
31192,937.3330699999999
31199,940.0346699999999
31206,943.3213
31213,943.3213
31220,943.8639999999999
31227,929.9255
31234,929.9255
31241,938.46045
31248,925.72296
31255,925.72296
31262,954.4931
31269,936.2727699999999
31276,936.2727699999999
31283,945.33435
31290,979.5856
31297,1001.5037
31304,1001.5037
31311,996.81305
31318,999.64594
31325,999.64594
31332,968.2828400000001
31339,974.6795699999999
31346,974.6795699999999
31353,982.8283
31360,979.4491
31367,979.4491
31374,975.6749
31381,980.7425
31388,980.7425
31395,990.9673
31402,997.7436
31409,997.7436
31416,945.0212
31423,964.7869
31430,964.7869
31437,969.0794699999999
31444,957.6632699999999
31451,957.6632699999999
31458,967.5939300000001
31465,970.5069599999999
31472,970.5069599999999
31479,970.5387599999999
31486,960.5753
31493,960.5753
31500,983.6199300000001
31507,1028.9
31514,1028.9
31521,1032.465
31528,1002.7514
31535,1002.7514
31542,1008.4747
31549,1049.2498
31556,1049.2498
31563,1036.0929
31570,1046.1198
31577,1046.1198
31584,1056.8821
31591,1065.7755
31598,1065.7755
31605,1125.1987
31612,1119.1631
31619,1119.1631
31626,1160.0496
31633,1171.8718
31640,1171.8718
31647,1164.452
31654,1168.4323
31661,1193.6791
31668,1193.6791
31675,1178.01
31682,1157.0039
31689,1157.0039
31696,1152.1405
31703,1128.6187
31710,1128.6187
31717,1119.6359
31724,1087.8455
31731,1087.8455
31738,1105.3306
31745,1136.9004
31752,1136.9004
31759,1160.7906
31766,1161.2297
31773,1161.2297
31780,1136.0205
31787,1161.6475
31794,1161.6475
31801,1129.1504
31808,1122.4528
31815,1122.4528
31822,1121.7288
31829,1146.1049
31836,1146.1049
31843,1101.3688
31850,1094.0215
31857,1094.0215
31864,1082.3486
31871,1106.1055
31878,1106.1055
31885,1150.0065
31892,1136.4727
31899,1136.4727
31906,1120.2797
31913,1120.1
31920,1120.1
31927,1145.6107
31934,1148.8699
31941,1148.8699
31948,1196.4976
31955,1227.9016
31962,1227.9016
31969,1188.4885
31976,1208.2264
31983,1208.2264
31990,1250.1112
31997,1241.1001
32004,1241.1001
32011,1232.1627
32018,1244.0231
32025,1225.3569
32032,1225.3569
32039,1211.1351
32046,1212.4846
32053,1212.4846
32060,1217.76
32067,1316.8662
32074,1316.8662
32081,1324.443
32088,1290.0103
32095,1290.0103
32102,1322.0442
32109,1393.9327
32116,1393.9327
32123,1363.9657
32130,1457.0701
32137,1457.0701
32144,1459.8407
32151,1438.1053
32158,1438.1053
32165,1458.7115
32172,1466.205
32179,1466.205
32186,1456.2017
32193,1433.2363
32200,1433.2363
32207,1448.4073
32214,1497.7666
32221,1497.7666
32228,1545.4697
32235,1514.4446
32242,1514.4446
32249,1497.7334
32256,1523.9321
32263,1523.9321
32270,1585.0767
32277,1479.0536
32284,1479.0536
32291,1486.8951
32298,1405.1088
32305,1405.1088
32312,1406.7579
32319,1374.9042
32326,1374.9042
32333,1361.1742
32340,1391.3749
32347,1391.3749
32354,1350.6178
32361,1359.2548
32368,1359.2548
32375,1400.3805
32382,1361.4027
32389,1359.0729
32396,1359.0729
32403,1403.3633
32410,1314.039
32417,1314.039
32424,1333.9108
32431,1252.6763
32438,1252.6763
32445,1264.0942
32452,1303.292
32459,1303.292
32466,1317.9862
32473,1265.4714
32480,1265.4714
32487,1299.1404
32494,1352.057
32501,1352.057
32508,1433.8187
32515,1597.3835
32522,1597.3835
32529,1593.3842
32536,1640.9978
32543,1640.9978
32550,1572.6889999999999
32557,1501.7777
32564,1501.7777
32571,1469.3870000000002
32578,1518.6952
32585,1518.6952
32592,1530.2867
32599,1587.3121
32606,1587.3121
32613,1584.5403
32620,1554.359
32627,1554.359
32634,1582.3646
32641,1559.1715
32648,1559.1715
32655,1536.5458
32662,1518.2142
32669,1518.2142
32676,1496.0995
32683,1551.9279
32690,1551.9279
32697,1504.1498
32704,1507.5656
32711,1507.5656
32718,1524.5981
32725,1472.7344
32732,1472.7344
32739,1499.5886
32746,1466.7327
32753,1464.2112
32760,1464.2112
32767,1448.6168
32774,1438.7295
32781,1438.7295
32788,1488.3093
32795,1529.2323
32802,1529.2323
32809,1603.1481
32816,1665.9419
32823,1665.9419
32830,1597.4668
32837,1624.7179
32844,1624.7179
32851,1636.1155
32858,1623.1122
32865,1623.1122
32872,1614.4924
32879,1599.2247
32886,1599.2247
32893,1592.9958
32900,1557.5469
32907,1557.5469
32914,1542.9852
32921,1490.8169
32928,1490.8169
32935,1505.0684
32942,1556.0452
32949,1556.0452
32956,1541.2273
32963,1495.3884
32970,1495.3884
32977,1564.55
32984,1551.9756
32991,1551.9756
32998,1539.9667
33005,1497.1089
33012,1497.1089
33019,1470.9651
33026,1497.9703
33033,1497.9703
33040,1531.1223
33047,1531.3732
33054,1531.3732
33061,1506.1184
33068,1624.4584
33075,1624.4584
33082,1696.0844
33089,1680.8044
33096,1680.8044
33103,1682.7594
33110,1642.3989
33117,1642.3989
33124,1666.6218
33131,1701.6882
33138,1701.6882
33145,1755.118
33152,1753.3488
33159,1722.4612
33166,1722.4612
33173,1707.989
33180,1722.8372
33187,1722.8372
33194,1734.8451
33201,1760.214
33206,1760.214
33211,1775.2048
33218,1733.2072
33225,1733.2072
33232,1694.4883
33239,1583.4229999999998
33246,1583.4229999999998
33253,1607.8348
33260,1648.0118
33267,1648.0118
33274,1608.5256
33281,1551.7635
33288,1551.7635
33295,1578.0732
33302,1614.0546
33309,1614.0546
33316,1625.8853
33323,1666.9423
33330,1666.9423
33337,1613.9833
33344,1571.7434
33351,1571.7434
33358,1519.5970000000002
33365,1629.2466
33372,1629.2466
33379,1599.3301
33386,1539.1538
33393,1539.1538
33400,1529.8407
33407,1567.7919
33414,1567.7919
33421,1541.1104
33428,1581.5077
33435,1581.5077
33442,1567.9155
33449,1571.0352
33456,1571.0352
33463,1497.1270000000002
33470,1552.4618
33477,1552.4618
33484,1552.0835
33491,1558.9705
33498,1558.9705
33505,1622.9915
33512,1602.001
33519,1602.001
33526,1556.5735
33533,1594.1725
33540,1594.1725
33547,1603.7704
33554,1619.6537
33561,1679.8618
33568,1679.8618
33575,1689.4261
33582,1747.6648
33589,1747.6648
33596,1637.3157
33603,1674.1158
33610,1674.1158
33617,1681.6763
33624,1614.0286
33631,1614.0286
33638,1553.3909
33645,1565.8599
33652,1565.8599
33659,1631.4633
33666,1669.7947
33673,1669.7947
33680,1707.4767
33687,1802.4574
33694,1802.4574
33701,1810.8120000000001
33708,1695.5476
33715,1695.5476
33722,1669.743
33729,1686.1863
33736,1686.1863
33743,1683.0537
33750,1738.7113
33757,1738.7113
33764,1718.9502
33771,1586.3953
33778,1586.3953
33785,1628.5874
33792,1559.8525
33799,1559.8525
33806,1627.0508
33813,1678.3496
33820,1678.3496
33827,1685.8857
33834,1608.5803
33841,1608.5803
33848,1558.4586
33855,1580.8595
33862,1580.8595
33869,1627.1788
33876,1643.1425
33883,1643.1425
33890,1617.7936
33897,1581.368
33904,1581.368
33911,1548.5283
33918,1539.2517
33925,1539.2517
33932,1549.7220000000002
33939,1533.0011
33946,1533.0011
33953,1532.8358
33960,1513.1583
33967,1512.5575
33974,1512.5575
33981,1537.6907
33988,1558.4058
33995,1558.4058
34002,1578.4568
34009,1582.683
34016,1582.683
34023,1587.4908
34030,1571.8213
34037,1571.8213
34044,1525.0078
34051,1514.4379
34058,1514.4379
34065,1514.5431
34072,1425.4029999999998
34079,1425.4029999999998
34086,1367.2303
34093,1394.9532
34100,1394.9532
34107,1373.8329
34114,1467.6091
34121,1467.6091
34128,1542.1815
34135,1530.2938
34142,1530.2938
34149,1524.2823
34156,1568.3243
34163,1568.3243
34170,1560.2916
34177,1555.1770000000001
34184,1555.1770000000001
34191,1568.3225
34198,1535.8312
34205,1535.8312
34212,1528.4865
34219,1526.2509
34226,1526.2509
34233,1535.0768
34240,1498.8557
34247,1498.8557
34254,1515.5657
34261,1491.2520000000002
34268,1491.2520000000002
34275,1528.8889
34282,1535.9812
34289,1535.9812
34296,1624.7855
34303,1598.2852
34310,1598.2852
34317,1570.4022
34324,1529.1229999999998
34331,1529.1229999999998
34338,1525.9004
34345,1533.7972
34352,1544.1125
34359,1544.1125
34366,1512.0073
34373,1503.3757
34380,1503.3757
34387,1538.25
34394,1574.783
34401,1574.783
34408,1567.3494
34415,1562.6328
34422,1562.6328
34429,1541.9389999999999
34436,1612.7420000000002
34443,1612.7420000000002
34450,1570.001
34457,1528.8986
34464,1528.8986
34471,1522.0686
34478,1516.0956
34485,1516.0956
34492,1507.0508
34499,1539.0931
34506,1539.0931
34513,1592.3365
34520,1678.6008
34527,1678.6008
34534,1669.625
34541,1686.3016
34548,1686.3016
34555,1734.8966
34562,1660.5436
34569,1660.5436
34576,1650.2896
34583,1644.8765
34590,1644.8765
34597,1692.4144
34604,1692.1332
34611,1692.1332
34618,1750.5283
34625,1684.2216
34632,1684.2216
34639,1723.3816
34646,1702.1132
34653,1702.1132
34660,1651.1361
34667,1587.7101
34674,1587.7101
34681,1563.4672
34688,1552.5696
34695,1514.6848
34702,1514.6848
34709,1544.4674
34716,1522.7269
34723,1522.7269
34730,1540.5177
34737,1633.744
34744,1633.744
34751,1604.3584
34758,1577.3422
34765,1577.3422
34772,1595.6967
34779,1632.3136
34786,1632.3136
34793,1612.8762
34800,1680.6901
34807,1680.6901
34814,1686.1685
34821,1680.5316
34828,1680.5316
34835,1701.3477
34842,1678.3644
34849,1678.3644
34856,1632.6294
34863,1554.2994
34870,1554.2994
34877,1578.5743
34884,1562.1633
34891,1562.1633
34898,1589.376
34905,1596.3564
34912,1596.3564
34919,1601.3235
34926,1590.4775
34933,1590.4775
34940,1606.9753
34947,1589.9857
34954,1589.9857
34961,1630.1261
34968,1602.0693
34975,1602.0693
34982,1629.0077
34989,1625.299
34996,1625.299
35003,1684.656
35010,1714.8904
35017,1714.8904
35024,1718.6854
35031,1697.3274
35038,1697.3274
35045,1728.7227
35052,1736.9786
35059,1746.74
35066,1746.74
35073,1740.32
35080,1760.0021
35087,1760.0021
35094,1733.246
35101,1767.4261
35108,1767.4261
35115,1774.4198
35122,1757.9469
35129,1757.9469
35136,1710.8218
35143,1698.9395
35150,1698.9395
35157,1690.9589
35164,1717.4559
35171,1717.4559
35178,1696.2552
35185,1689.0751
35192,1689.0751
35199,1665.1952
35206,1677.1123
35213,1677.1123
35220,1679.6821
35227,1677.8708
35234,1677.8708
35241,1692.3127
35248,1755.0011
35255,1755.0011
35262,1743.8076
35269,1845.16
35276,1845.16
35283,1826.7749
35290,1840.0308
35297,1840.0308
35304,1861.9442
35311,1822.2982
35318,1822.2982
35325,1855.4027
35332,1880.7001
35339,1880.7001
35346,1885.4559
35353,1856.8569
35360,1856.8569
35367,1894.6431
35374,1885.2299
35381,1885.2299
35388,1943.1825
35395,1912.4636
35402,1912.4636
35409,1983.139
35416,1972.519
35423,1972.519
35430,2026.1129999999998
35437,1995.6963
35444,1995.6963
35451,1903.1335
35458,1974.6605
35465,1974.6605
35472,1868.256
35479,1831.3354
35486,1794.5947
35493,1794.5947
35500,1804.4042
35507,1783.9952
35514,1783.9952
35521,1781.3495
35528,1712.4744
35535,1712.4744
35542,1743.7144
35549,1792.1804
35556,1792.1804
35563,1764.5663
35570,1788.35
35577,1788.35
35584,1815.7938
35591,1728.3859
35598,1728.3859
35605,1715.1937
35612,1732.1056
35619,1732.1056
35626,1720.7258
35633,1731.1741
35640,1731.1741
35647,1716.4537
35654,1772.6163
35661,1772.6163
35668,1820.642
35675,1830.8499
35682,1830.8499
35689,1806.3994
35696,1818.2705
35703,1818.2705
35710,1813.9152
35717,1857.3319
35724,1857.3319
35731,1801.0311
35738,1814.499
35745,1814.499
35752,1840.5469
35759,1817.0924
35766,1817.0924
35773,1807.9915
35780,1826.149
35787,1826.149
35794,1836.8197
35801,1880.6295
35808,1880.6295
35815,1959.4329
35822,2006.8242
35829,2006.8242
35836,1950.4152
35843,1965.6138
35850,1918.6189
35857,1918.6189
35864,1952.7697
35871,2046.7499
35878,2046.7499
35885,1960.1970000000001
35892,1896.3982
35899,1896.3982
35906,1911.5164
35913,1935.12
35920,1935.12
35927,1918.3069
35934,1990.6096
35941,1990.6096
35948,1988.4338
35955,1983.233
35962,1983.233
35969,1901.3324
35976,1885.2799
35983,1885.2799
35990,2020.5931
35997,1976.0166
36004,1976.0166
36011,1959.9484
36018,1991.8008
36025,1991.8008
36032,2021.6252
36039,2043.7323
36046,2043.7323
36053,1959.914
36060,2003.3652
36067,2003.3652
36074,2095.8552
36081,2066.2102
36088,2066.2102
36095,2086.1125
36102,2099.1921
36109,2099.1921
36116,2025.4601
36123,2016.1527
36130,2016.1527
36137,2002.9735
36144,1996.3103
36151,1996.3103
36158,2015.5204
36165,1984.6315
36172,1984.6315
36179,1967.0786
36186,2003.1259
36193,2003.1259
36200,1981.2849
